sessions_last30,minutes_watched,completion_rate,last_active_days,quizzes_attempted,avg_score,streak_days,support_tickets,forum_posts,assignments_submitted,late_submissions,payment_delay_days,subscription_type,device,country,dropped_out
5,118.89,0.676,28,9,0.464,19,0,2,3,1,36,free,desktop,UY,1
46,628.01,0.589,3,4,0.54,22,0,5,8,1,3,pro,desktop,AR,0
39,502.22,0.817,20,5,0.659,2,0,0,11,0,34,basic,mobile,CO,0
26,539.71,0.477,23,9,0.484,25,0,2,1,0,15,basic,mobile,CO,0
25,598.28,0.797,58,1,0.639,6,1,5,4,1,32,basic,mobile,AR,1
51,930.32,0.708,19,7,0.644,29,1,2,10,1,9,basic,desktop,AR,0
5,51.41,0.598,58,4,0.896,26,1,1,1,0,31,pro,desktop,PE,0
41,403.38,0.537,42,2,0.721,13,0,3,11,2,44,pro,desktop,PE,0
12,113.25,1.0,41,2,0.854,23,0,4,0,0,22,basic,mobile,AR,0
5,36.97,0.437,49,6,0.745,20,1,2,3,1,25,pro,mobile,PE,1
31,578.36,0.66,50,7,0.62,23,0,1,0,0,27,basic,desktop,PE,0
58,1435.52,0.45,13,7,0.72,0,0,1,9,1,16,basic,desktop,MX,0
44,788.46,0.957,25,13,0.809,2,0,2,5,1,24,free,desktop,CO,0
45,199.69,0.777,31,10,0.879,27,0,5,5,1,28,pro,desktop,AR,0
43,724.78,0.464,58,3,0.68,23,1,3,6,0,1,basic,desktop,CL,0
47,800.09,0.703,2,19,0.453,18,3,3,3,1,20,basic,mobile,UY,0
30,917.28,0.652,28,14,0.442,9,0,2,9,2,23,basic,mobile,CO,0
7,64.8,0.497,12,9,0.651,12,0,2,5,1,9,pro,mobile,AR,0
50,782.8,0.752,12,0,0.349,11,0,2,9,2,21,free,mobile,MX,0
27,762.35,0.678,45,18,0.969,13,1,0,7,1,17,basic,desktop,AR,0
30,621.0,0.643,12,14,0.79,18,1,3,8,1,24,basic,mobile,AR,0
22,470.36,0.592,47,9,0.605,22,0,2,11,0,12,free,mobile,AR,1
10,186.88,0.686,59,3,0.534,11,0,5,6,1,40,free,mobile,AR,0
55,1098.88,0.646,46,2,0.854,25,0,1,3,1,28,pro,mobile,CL,0
46,1042.62,0.612,10,5,0.533,2,0,1,8,2,28,free,mobile,AR,0
38,499.44,0.472,8,4,0.547,24,0,1,8,1,36,pro,mobile,CO,1
24,558.44,0.939,26,4,0.585,20,0,0,5,1,0,pro,mobile,PE,0
49,478.34,0.39,33,8,0.717,15,0,2,4,0,11,free,mobile,CL,1
32,639.05,0.686,46,0,0.793,11,1,5,11,1,8,basic,desktop,AR,0
26,495.88,0.536,25,6,0.879,11,0,1,3,1,27,free,desktop,UY,1
27,386.16,0.952,10,17,0.857,10,0,2,0,0,15,basic,mobile,AR,0
13,232.23,0.419,59,17,0.7,28,0,4,7,3,31,basic,tablet,MX,0
5,71.32,0.453,54,0,0.853,0,0,0,0,0,42,basic,mobile,AR,1
33,381.8,0.406,39,13,0.599,19,0,2,9,2,16,pro,desktop,PE,0
53,841.55,0.665,41,19,0.427,29,0,1,10,2,14,pro,desktop,AR,0
3,34.13,0.325,56,11,0.599,16,0,1,8,1,21,basic,desktop,UY,1
51,1016.78,0.504,28,7,0.579,19,0,0,2,0,22,pro,mobile,UY,0
49,543.87,0.17,8,9,0.605,17,1,0,11,2,16,pro,mobile,UY,0
16,356.35,0.648,36,4,0.556,15,0,1,1,0,15,basic,desktop,CO,1
37,403.71,0.5,27,7,0.631,18,0,1,1,0,16,free,desktop,CO,1
9,131.42,0.302,47,18,0.793,27,1,2,3,0,21,pro,desktop,UY,1
45,641.36,0.817,46,12,0.957,21,1,1,6,1,20,pro,mobile,AR,0
42,1089.94,0.338,28,8,0.441,25,2,4,8,0,20,basic,desktop,CO,0
21,419.62,0.759,22,2,0.507,16,2,0,3,0,13,basic,desktop,AR,0
4,66.92,0.46,25,18,0.581,23,0,0,10,2,28,basic,desktop,AR,0
58,1217.55,0.92,37,3,0.815,26,1,1,9,1,21,basic,desktop,CL,0
26,139.28,0.75,38,14,0.669,6,1,0,2,0,10,pro,mobile,UY,1
53,940.28,0.398,30,6,0.591,25,0,0,0,0,33,pro,mobile,AR,1
40,1199.4,0.417,31,5,0.808,20,0,0,8,1,39,free,desktop,MX,0
46,864.53,0.721,59,3,0.843,13,0,1,2,0,17,free,desktop,MX,0
45,828.34,0.548,15,7,0.697,23,0,2,3,0,23,basic,mobile,MX,0
11,234.18,0.566,10,13,0.578,5,1,1,9,2,42,basic,mobile,AR,0
21,490.85,0.854,47,8,0.741,20,0,1,2,0,14,pro,desktop,MX,0
28,168.43,0.45,56,0,0.665,17,0,2,4,1,9,free,mobile,MX,1
29,229.28,0.618,36,5,0.664,26,0,0,11,3,15,pro,desktop,PE,0
2,38.52,0.791,24,3,0.623,18,1,0,8,1,20,basic,desktop,UY,1
32,438.74,0.762,20,8,0.839,15,0,2,7,1,19,basic,mobile,AR,0
9,232.85,0.568,28,18,0.737,15,1,0,11,2,27,basic,desktop,AR,0
44,708.79,0.542,3,19,0.855,16,0,1,9,1,12,pro,mobile,MX,0
40,255.71,0.252,31,19,0.9,26,0,1,5,0,24,basic,mobile,CL,0
55,571.56,0.389,16,2,0.769,23,0,6,7,2,4,free,desktop,CO,1
44,132.0,0.664,15,9,0.624,2,1,0,6,1,42,basic,mobile,PE,1
21,348.5,0.572,33,0,0.856,15,0,0,4,0,13,basic,mobile,AR,0
58,978.44,0.615,57,9,0.77,8,0,2,11,0,14,free,tablet,PE,0
24,370.88,0.808,12,11,1.0,4,1,3,7,1,7,pro,mobile,AR,0
19,464.99,0.363,54,15,0.747,25,0,0,8,1,16,basic,mobile,UY,0
54,1360.32,0.553,31,6,0.805,25,0,1,4,1,43,free,mobile,CL,0
22,373.51,0.638,58,0,0.744,28,0,1,2,0,26,basic,mobile,PE,1
4,20.77,0.459,22,9,0.685,11,0,1,1,0,30,free,mobile,AR,1
28,607.7,0.886,59,8,0.661,12,0,1,9,1,26,basic,desktop,MX,0
47,1002.61,0.782,39,12,0.744,23,0,1,6,1,15,free,mobile,AR,0
11,218.42,0.658,40,1,0.778,5,0,1,6,1,35,free,mobile,CO,1
27,645.0,0.959,33,12,0.873,1,0,0,1,0,15,basic,desktop,UY,0
7,77.08,0.3,27,8,0.746,12,0,4,9,3,35,basic,mobile,PE,1
41,1232.15,0.598,31,14,0.631,18,0,1,3,0,44,free,mobile,MX,0
28,342.82,0.673,51,19,0.651,13,0,5,7,0,0,free,tablet,AR,1
19,427.41,0.417,47,4,0.502,6,1,2,4,0,7,free,desktop,UY,1
13,102.39,0.66,1,15,0.949,15,0,2,2,0,34,free,mobile,AR,0
33,409.81,0.379,41,2,0.619,28,0,2,1,0,5,basic,mobile,MX,1
40,1083.93,0.738,50,19,0.845,8,0,0,9,2,32,free,desktop,AR,1
56,920.34,0.812,44,9,0.741,12,0,1,1,0,11,basic,desktop,PE,0
26,599.03,0.654,29,14,0.746,9,1,1,0,0,26,basic,mobile,AR,0
9,174.8,0.229,20,15,0.682,8,0,1,3,1,29,free,mobile,AR,1
49,851.14,0.407,40,12,0.582,19,0,5,10,1,14,basic,mobile,AR,1
37,968.77,0.713,39,7,0.555,11,0,0,8,1,38,basic,tablet,MX,0
42,696.36,0.604,22,15,0.959,18,0,1,9,3,40,basic,desktop,AR,0
5,36.58,0.061,24,9,0.717,0,0,5,2,0,9,basic,mobile,PE,1
18,237.25,0.849,22,13,0.869,19,0,2,11,2,33,free,mobile,CO,0
46,980.13,0.627,2,12,0.908,3,1,3,1,0,30,basic,desktop,UY,0
49,998.28,0.436,1,9,0.638,11,0,0,0,0,11,pro,mobile,AR,0
26,223.54,0.799,4,2,0.764,26,1,3,5,1,36,basic,desktop,MX,0
48,655.39,0.464,25,5,0.707,10,0,3,5,1,13,basic,desktop,CL,0
50,725.48,0.462,30,18,0.526,20,0,1,3,0,11,basic,desktop,PE,1
23,363.57,0.672,24,10,0.672,10,1,0,2,0,31,pro,mobile,AR,0
53,516.46,0.956,57,12,0.788,27,0,1,3,0,5,free,desktop,AR,0
17,241.91,0.925,13,5,0.625,28,0,2,4,1,41,basic,mobile,AR,0
14,190.8,0.672,23,14,0.651,27,0,0,7,1,17,basic,desktop,CL,1
40,905.17,0.692,14,9,0.674,11,0,3,4,0,22,basic,mobile,PE,1
38,868.48,0.758,17,4,1.0,9,0,3,2,0,30,basic,mobile,AR,0
8,137.0,0.349,35,2,0.425,18,1,1,7,0,39,basic,mobile,MX,1
49,766.74,0.729,18,7,0.775,24,0,3,6,0,34,basic,desktop,AR,0
11,207.24,0.453,19,11,0.662,15,0,2,5,1,17,basic,mobile,AR,0
48,628.83,0.664,40,5,0.604,22,0,2,1,0,33,free,mobile,UY,1
0,0.0,0.555,49,4,0.658,26,0,3,11,1,17,pro,desktop,CO,0
47,580.86,0.7,12,5,0.8,22,0,3,6,0,23,free,mobile,UY,0
47,666.98,0.624,6,5,0.809,11,0,2,3,1,30,free,mobile,CL,0
46,506.88,0.0,14,14,0.728,7,1,3,8,2,24,free,mobile,CO,1
39,739.92,0.636,34,9,0.864,13,0,0,5,1,2,basic,desktop,MX,0
28,626.59,0.728,57,9,0.89,17,1,4,1,0,2,basic,desktop,MX,0
42,356.05,0.689,9,3,0.822,25,1,0,8,1,6,basic,desktop,AR,0
16,290.41,0.579,2,10,0.618,9,0,0,1,0,3,basic,desktop,AR,0
46,767.3,0.928,31,19,0.774,4,0,0,3,0,32,free,desktop,AR,0
33,661.62,0.662,59,14,0.775,9,0,1,7,1,8,free,mobile,CO,0
27,483.9,0.688,33,8,0.578,17,1,0,8,1,10,pro,mobile,CO,0
30,278.35,0.809,55,6,0.465,6,1,1,11,2,14,pro,desktop,MX,1
34,354.47,0.673,38,7,0.397,11,0,3,8,2,7,pro,desktop,AR,0
2,36.35,0.42,1,0,0.71,7,0,0,2,0,39,free,mobile,CO,1
8,193.38,0.112,25,0,0.745,29,1,1,8,0,4,pro,desktop,AR,1
14,66.01,0.505,46,15,0.523,15,0,2,9,1,8,pro,mobile,PE,1
6,120.45,0.752,30,16,0.857,21,1,2,8,0,10,basic,mobile,AR,1
26,653.58,0.529,11,19,0.723,15,0,0,8,1,3,basic,mobile,CO,0
40,683.27,0.76,10,12,0.902,0,2,2,9,0,11,free,desktop,AR,0
39,830.75,0.63,39,18,0.756,7,0,0,6,2,8,basic,mobile,AR,1
28,385.88,0.858,27,8,0.54,25,0,3,11,1,15,pro,mobile,CL,0
51,881.47,0.541,34,5,0.769,15,0,1,7,2,6,basic,mobile,CL,0
33,273.06,0.694,22,4,0.801,21,0,2,0,0,42,free,tablet,AR,1
4,15.74,0.701,20,4,0.618,22,0,1,2,0,35,basic,mobile,MX,1
45,1064.55,0.9,39,14,0.484,16,0,2,5,2,29,basic,mobile,AR,0
34,411.06,0.259,0,0,0.715,17,0,2,5,1,26,basic,desktop,PE,0
38,580.14,0.508,26,18,0.55,7,1,4,9,1,31,basic,desktop,CL,0
33,319.48,0.77,22,15,0.868,7,0,1,8,1,42,pro,mobile,CL,0
33,314.83,0.909,46,7,0.639,4,2,3,0,0,5,free,mobile,MX,0
5,84.78,0.648,43,14,0.959,8,1,2,5,1,23,free,desktop,CO,1
33,449.54,0.541,25,2,0.381,18,0,0,6,0,8,free,mobile,AR,1
47,952.59,0.751,15,8,0.72,27,0,1,11,1,20,pro,mobile,CO,0
18,372.87,0.774,14,2,0.914,13,0,2,7,1,40,pro,mobile,PE,0
36,717.3,0.528,12,2,0.566,18,0,4,2,0,28,pro,desktop,CL,1
1,19.43,0.666,16,0,0.676,25,0,1,2,0,28,pro,desktop,AR,0
20,549.33,0.836,45,15,0.64,20,1,1,3,0,4,basic,mobile,AR,0
26,301.46,0.978,2,14,0.597,7,0,1,4,0,36,free,mobile,UY,0
58,1024.88,0.749,1,17,0.737,8,0,1,1,0,32,basic,mobile,AR,0
12,297.55,0.609,32,19,0.506,19,0,1,9,0,16,basic,tablet,AR,0
16,409.4,0.589,13,19,0.683,8,1,0,0,0,15,basic,desktop,PE,1
24,227.27,0.711,49,19,0.777,7,1,2,0,0,25,free,mobile,PE,0
59,951.43,0.577,45,0,0.668,17,0,1,1,0,34,basic,desktop,CL,0
51,1333.59,0.638,46,15,0.55,19,0,3,1,0,22,basic,mobile,AR,0
2,42.1,0.388,27,14,0.855,7,0,3,6,1,38,free,mobile,MX,1
14,268.4,0.859,26,3,0.81,1,1,5,9,1,9,pro,mobile,CO,0
49,818.0,0.372,25,2,0.544,23,0,1,11,1,31,free,desktop,AR,1
3,47.09,0.514,11,19,0.506,11,0,1,9,2,37,pro,desktop,AR,1
51,1006.2,0.62,34,17,0.557,18,0,3,8,1,31,free,mobile,PE,0
16,263.77,0.998,51,6,0.782,5,0,3,7,1,15,pro,mobile,CO,1
55,975.95,0.515,15,1,0.741,9,0,0,3,1,20,basic,desktop,CL,0
17,314.02,0.467,3,6,0.819,18,0,1,4,1,21,free,mobile,PE,0
26,362.22,0.49,33,0,0.651,3,0,1,10,1,13,free,mobile,MX,1
39,826.52,0.932,23,13,0.561,9,1,0,1,0,5,basic,desktop,UY,0
7,248.4,0.038,47,7,0.838,21,0,1,9,3,8,pro,desktop,AR,1
33,242.16,0.399,51,0,0.617,23,1,2,9,1,28,free,mobile,CL,1
30,598.32,1.0,57,19,0.728,10,0,0,0,0,10,free,mobile,MX,0
47,631.63,0.718,23,16,0.468,3,2,1,2,0,35,basic,desktop,CL,0
59,1266.4,0.379,54,18,0.615,0,0,1,3,1,35,basic,mobile,AR,0
39,712.89,0.592,7,19,0.851,16,0,2,10,1,18,basic,desktop,MX,0
24,541.71,0.613,22,0,0.593,20,0,7,5,0,16,free,desktop,MX,0
24,601.27,0.769,15,15,0.822,17,1,2,9,1,44,basic,desktop,AR,0
25,478.86,0.968,55,15,0.35,12,0,1,7,2,0,free,mobile,CL,0
48,1190.03,0.678,36,15,0.616,0,1,1,0,0,11,basic,desktop,CO,0
19,74.75,0.492,21,5,0.674,6,0,1,8,0,31,free,desktop,MX,1
10,275.43,0.757,9,7,0.961,1,1,1,7,2,39,pro,desktop,CL,1
20,405.01,0.46,46,18,0.525,13,0,1,10,1,20,basic,mobile,AR,1
1,24.47,0.393,39,1,0.801,9,0,1,11,3,32,basic,tablet,AR,1
6,64.08,0.248,51,12,0.859,2,1,2,7,1,9,pro,mobile,PE,1
5,65.08,0.287,26,15,0.592,18,0,2,10,0,41,pro,mobile,PE,0
46,868.28,0.421,8,15,0.644,11,0,1,1,0,26,pro,mobile,MX,0
43,769.6,0.364,20,11,0.721,28,1,1,7,1,33,basic,mobile,MX,0
41,807.63,0.663,37,15,0.478,12,0,3,6,1,7,pro,mobile,AR,0
27,661.69,0.36,14,18,0.632,2,1,3,2,0,22,free,desktop,CL,0
43,318.57,0.0,4,15,0.891,21,0,0,6,1,32,pro,mobile,CL,0
9,214.59,0.391,49,2,0.778,21,0,0,8,2,18,basic,mobile,CL,0
54,974.68,0.506,31,4,0.676,27,0,2,4,1,43,basic,desktop,AR,0
30,503.32,0.479,23,6,0.717,20,0,1,7,1,37,pro,mobile,AR,0
56,513.71,0.904,33,6,0.787,10,0,2,8,4,5,basic,mobile,PE,0
9,189.16,0.477,44,7,0.816,20,1,4,7,1,37,basic,desktop,MX,1
29,101.95,0.776,0,4,0.617,23,1,0,4,0,17,pro,mobile,PE,0
41,897.5,0.596,26,13,0.93,15,1,0,3,1,26,basic,mobile,MX,0
29,262.37,0.592,15,2,0.897,23,0,2,7,2,18,free,mobile,PE,0
26,476.34,0.433,5,15,0.802,29,0,4,10,2,31,free,desktop,AR,0
9,155.56,0.588,2,13,0.574,22,0,4,5,1,19,basic,mobile,AR,1
22,550.38,0.447,26,19,0.547,15,0,1,6,2,20,free,desktop,MX,1
14,236.99,0.634,32,0,0.651,14,0,1,10,3,26,basic,desktop,MX,0
18,249.03,0.553,30,5,0.709,25,1,0,3,0,9,pro,desktop,AR,0
41,613.38,0.411,46,17,0.435,26,0,0,9,1,19,free,desktop,MX,1
37,948.58,0.798,27,9,0.774,7,0,2,3,1,2,pro,mobile,AR,0
36,763.84,0.685,35,11,0.893,0,1,1,3,0,2,basic,desktop,AR,0
21,329.41,0.51,48,0,0.786,24,0,1,3,1,29,pro,desktop,UY,0
57,945.14,0.629,39,15,0.599,7,0,3,0,0,12,free,desktop,MX,0
5,42.98,0.583,54,5,0.581,29,0,1,5,2,30,basic,desktop,AR,1
20,406.62,0.426,13,19,0.745,1,0,1,4,1,34,basic,mobile,AR,0
7,52.09,0.614,47,7,0.677,27,0,2,2,0,29,pro,desktop,PE,1
20,450.22,0.476,41,3,0.766,20,0,1,9,1,18,pro,desktop,UY,0
57,1069.99,0.411,34,11,0.79,9,1,2,6,0,25,pro,desktop,AR,0
21,678.76,0.275,0,9,0.864,1,0,1,2,0,35,free,desktop,CL,0
54,615.56,0.528,32,9,0.53,25,0,0,2,0,15,basic,mobile,MX,0
29,504.14,0.713,51,18,0.733,3,1,2,9,0,18,basic,tablet,AR,1
41,1180.38,0.461,38,7,0.645,2,0,1,3,1,10,free,mobile,MX,0
27,679.01,1.0,0,7,0.685,23,1,3,4,1,9,pro,mobile,AR,0
15,207.34,0.777,17,12,0.83,20,0,0,1,0,2,basic,mobile,AR,0
45,870.47,0.861,34,3,0.846,3,0,2,9,1,3,pro,mobile,MX,1
58,1044.7,0.759,48,16,0.91,10,0,1,4,1,6,pro,mobile,AR,1
15,295.38,0.971,26,4,0.764,19,0,1,8,3,34,free,mobile,MX,0
46,635.16,0.443,51,4,0.683,19,0,0,4,0,28,basic,desktop,AR,0
15,261.96,0.088,47,0,0.662,10,0,3,9,0,3,basic,desktop,CL,1
43,361.7,0.511,16,6,0.44,12,0,2,4,0,34,pro,desktop,PE,0
47,884.1,0.712,11,11,0.901,2,1,1,10,2,33,basic,mobile,CL,0
26,538.2,0.63,54,14,0.652,0,1,0,8,1,40,free,tablet,CL,0
44,731.96,0.655,35,17,0.776,29,1,1,5,1,43,basic,desktop,CL,1
16,132.96,0.864,50,15,0.802,6,0,2,5,2,3,free,desktop,PE,1
4,95.72,0.676,55,6,0.513,27,0,2,7,0,23,basic,mobile,MX,0
5,100.94,0.76,25,16,0.561,1,0,3,8,1,36,pro,desktop,AR,1
26,354.74,0.412,2,3,0.932,29,0,0,8,0,10,free,mobile,AR,0
54,881.09,0.381,54,4,0.744,12,0,1,0,0,26,free,mobile,MX,1
7,62.97,0.923,35,7,0.613,24,1,0,3,0,4,basic,mobile,CO,0
27,319.88,0.62,7,10,0.681,25,0,1,5,0,13,pro,desktop,AR,1
42,620.47,0.475,31,4,0.863,10,0,3,6,1,44,free,mobile,CL,0
12,304.45,0.476,1,18,0.84,22,0,2,1,0,32,free,mobile,MX,0
43,609.01,0.47,17,5,0.48,10,0,1,2,0,11,basic,desktop,CL,0
18,393.14,0.458,20,7,0.945,23,0,1,5,1,44,basic,mobile,MX,0
48,708.96,0.343,27,12,0.845,28,1,0,5,1,9,free,mobile,AR,0
34,662.58,0.3,33,8,0.677,24,0,2,7,1,17,pro,desktop,MX,1
32,548.85,0.561,50,8,0.521,21,0,2,0,0,19,pro,desktop,CO,1
10,232.38,0.481,21,19,0.858,11,0,3,9,2,28,basic,desktop,UY,0
27,399.36,0.821,44,8,0.771,3,0,1,3,0,11,free,desktop,MX,1
51,436.81,0.659,56,2,0.481,15,0,1,6,1,11,basic,mobile,AR,1
1,9.71,0.653,44,14,0.665,3,0,0,11,1,30,free,mobile,CO,1
45,666.39,0.451,15,14,1.0,15,1,1,4,0,9,basic,mobile,CO,0
29,304.66,0.576,40,4,0.702,26,0,2,3,0,6,pro,desktop,CL,0
43,879.83,0.672,16,17,0.589,3,2,1,3,0,6,free,mobile,AR,0
39,593.01,0.743,28,7,0.549,27,1,1,7,1,14,free,mobile,AR,1
25,806.19,0.581,38,3,0.966,17,0,3,11,2,1,free,desktop,MX,0
18,136.33,0.816,17,3,0.827,1,0,1,6,0,1,free,mobile,CL,1
37,711.21,0.602,0,14,0.911,21,0,3,2,0,32,free,mobile,AR,0
8,89.86,0.759,50,4,0.737,0,0,3,11,3,24,basic,desktop,MX,1
35,526.39,0.502,43,9,0.888,18,1,2,0,0,6,pro,mobile,UY,0
5,94.24,0.237,7,14,0.573,15,0,0,4,1,11,free,desktop,AR,1
38,153.82,0.654,22,17,0.724,22,0,0,1,0,30,basic,mobile,CL,1
37,718.58,0.745,15,9,0.743,11,0,2,0,0,36,pro,mobile,PE,0
5,147.09,0.715,58,18,0.907,3,1,0,11,2,39,basic,mobile,UY,1
45,687.57,0.684,56,6,0.748,11,0,1,1,0,9,pro,mobile,AR,0
24,469.41,0.53,41,17,0.606,22,0,0,10,1,38,basic,mobile,AR,1
47,1135.03,0.439,26,5,0.71,28,1,0,6,3,19,free,mobile,CL,1
2,34.03,0.71,3,1,0.449,6,0,2,3,1,13,free,mobile,AR,0
10,145.14,0.685,14,14,0.352,10,0,1,10,0,25,pro,mobile,CL,0
29,126.02,0.488,5,15,0.825,26,0,1,0,0,5,pro,mobile,MX,1
11,240.31,0.822,47,18,0.644,9,0,3,8,0,20,basic,mobile,CO,0
19,329.1,0.423,5,18,0.661,7,0,2,9,2,19,basic,mobile,MX,0
39,465.03,0.483,40,2,0.825,24,0,1,4,0,26,basic,mobile,PE,0
8,150.08,0.927,57,12,0.91,14,1,1,3,0,8,free,mobile,CO,1
40,579.92,0.774,18,14,0.78,17,0,1,0,0,2,free,tablet,CL,0
6,88.98,0.528,41,12,0.989,14,1,2,0,0,16,pro,mobile,AR,1
10,216.38,0.657,52,0,0.775,18,1,1,0,0,44,free,desktop,CO,1
35,348.94,0.631,25,0,0.745,8,1,1,5,0,25,free,mobile,CO,1
47,1141.34,0.051,26,13,0.736,21,1,1,6,0,24,basic,mobile,AR,0
10,96.14,0.419,12,17,0.507,10,0,1,5,1,28,basic,mobile,AR,0
17,238.4,0.59,25,3,0.843,15,0,2,8,4,22,pro,mobile,MX,0
55,1624.57,0.529,52,0,0.333,5,0,1,4,1,9,free,desktop,AR,1
59,1461.08,0.649,39,8,0.612,0,0,1,9,2,44,pro,desktop,CO,0
34,631.91,0.826,12,6,0.703,17,1,3,7,1,10,free,mobile,AR,0
26,321.28,0.536,31,19,0.582,4,1,0,11,1,28,free,mobile,MX,1
20,296.49,0.388,42,18,0.632,27,0,2,8,3,38,basic,desktop,AR,1
36,663.83,0.665,4,11,0.976,28,1,1,1,0,29,pro,desktop,CL,0
35,637.88,0.535,45,18,0.866,9,0,2,6,1,42,basic,mobile,CO,0
17,296.73,0.569,12,4,0.597,8,0,2,7,2,8,free,mobile,AR,0
1,17.82,0.542,17,19,0.63,15,0,4,0,0,28,basic,mobile,AR,0
9,150.42,1.0,24,8,0.508,6,0,1,0,0,4,free,mobile,AR,0
57,532.84,0.152,30,9,0.806,25,0,4,0,0,25,pro,mobile,AR,0
25,372.52,0.522,54,1,0.663,3,0,4,2,0,8,pro,mobile,CL,0
28,657.66,0.599,13,3,0.405,13,1,3,10,0,29,basic,mobile,AR,1
28,274.12,0.444,15,3,0.715,5,0,0,2,0,14,basic,mobile,CL,1
46,775.68,0.78,22,9,0.766,24,0,3,2,0,5,basic,mobile,MX,0
3,39.24,0.763,51,3,0.844,4,0,0,5,0,38,basic,mobile,PE,0
4,74.67,0.59,57,2,0.689,13,1,4,4,0,40,free,desktop,AR,1
16,250.69,0.546,27,12,0.644,25,0,1,11,2,7,basic,mobile,PE,1
29,779.07,0.578,41,17,0.998,13,0,2,1,0,9,basic,mobile,UY,0
40,841.58,0.579,55,1,0.701,5,0,2,10,3,1,pro,mobile,MX,1
29,293.75,0.584,50,11,0.808,4,0,0,2,0,30,basic,mobile,CO,1
26,572.71,0.562,40,19,0.619,18,0,3,3,1,40,pro,mobile,CL,1
56,747.72,0.65,32,8,0.803,3,0,1,5,1,9,pro,mobile,AR,1
9,130.84,0.751,59,3,0.482,10,0,1,11,0,20,pro,mobile,UY,1
34,676.02,0.354,14,1,0.631,18,0,1,2,0,31,pro,mobile,UY,0
32,481.58,0.39,21,18,0.519,11,0,0,4,1,19,free,mobile,AR,1
28,654.0,0.25,42,8,0.609,24,0,1,7,1,33,basic,mobile,AR,1
48,640.94,0.773,1,2,0.888,20,0,1,8,1,33,pro,mobile,AR,0
16,228.58,0.65,30,17,0.608,4,0,3,4,0,33,pro,tablet,CL,1
57,801.52,0.701,51,16,0.808,24,0,3,1,0,32,free,mobile,PE,0
19,277.52,0.314,10,14,0.928,27,0,0,9,2,19,basic,desktop,AR,0
32,787.04,0.957,48,1,0.696,6,0,1,10,0,17,pro,mobile,MX,0
31,674.96,0.478,24,1,0.849,10,0,2,7,1,27,free,desktop,PE,0
50,1412.98,0.634,51,4,0.78,11,0,3,10,0,4,free,mobile,AR,1
26,821.75,0.771,38,3,0.717,12,0,2,3,0,26,basic,mobile,MX,0
17,200.87,0.403,9,10,0.813,13,0,1,10,1,1,basic,desktop,CL,0
1,18.42,0.491,44,7,0.976,26,0,1,9,4,32,basic,mobile,AR,1
21,229.8,0.636,3,15,0.604,19,0,1,10,2,27,free,desktop,CL,0
49,653.38,1.0,14,2,0.556,26,0,1,11,3,22,pro,mobile,AR,0
0,0.0,0.66,53,14,0.547,10,0,1,4,1,13,free,desktop,MX,1
53,617.82,0.921,52,18,0.849,15,0,3,1,0,22,pro,tablet,AR,0
32,374.04,0.841,2,2,0.869,3,1,2,8,2,28,free,mobile,CO,1
8,137.07,0.674,22,13,0.619,8,0,4,8,1,30,pro,desktop,MX,0
18,192.59,0.402,5,10,0.38,17,0,0,7,1,41,basic,mobile,PE,1
33,760.74,0.812,16,1,0.599,5,0,3,7,2,7,basic,desktop,CO,0
18,224.88,0.3,58,5,0.782,28,1,1,0,0,1,free,mobile,CO,0
6,209.14,0.92,11,15,0.69,8,0,2,8,2,29,basic,mobile,AR,0
39,596.38,0.64,38,17,0.727,4,1,1,5,1,7,free,mobile,CL,0
40,737.28,0.07,48,7,0.621,23,0,2,0,0,6,free,mobile,CO,0
7,71.6,0.532,52,2,0.852,2,0,3,10,1,12,basic,desktop,CO,1
16,451.78,0.731,21,4,0.751,9,0,4,0,0,32,free,mobile,MX,1
14,346.04,0.553,41,16,0.788,5,0,0,2,0,2,pro,mobile,AR,0
39,771.48,0.743,29,11,0.724,20,0,0,3,0,17,basic,mobile,AR,0
43,426.52,0.43,6,8,0.779,25,0,2,9,0,4,free,desktop,AR,0
43,828.35,0.339,13,0,0.769,5,0,2,0,0,37,pro,mobile,AR,1
56,631.2,0.586,44,15,0.561,12,0,2,4,0,34,free,mobile,CO,0
46,1231.61,0.606,41,9,0.756,14,1,1,4,1,3,pro,tablet,MX,0
19,434.25,0.53,31,10,0.819,20,1,4,4,0,12,free,tablet,CL,0
6,111.44,0.845,46,16,0.873,10,0,2,10,3,20,basic,mobile,AR,0
36,121.74,0.43,41,11,0.762,15,0,2,3,0,20,pro,mobile,CO,1
54,653.37,0.663,20,18,0.555,15,0,2,4,1,7,free,mobile,AR,0
58,1283.34,0.614,17,11,0.578,0,0,2,4,0,20,basic,mobile,AR,0
13,328.6,0.289,56,6,0.635,17,0,2,4,0,39,free,mobile,CO,1
14,345.17,0.336,58,18,0.728,17,0,1,11,0,9,basic,tablet,MX,1
2,16.9,0.602,1,12,0.682,29,0,1,3,1,5,free,mobile,AR,0
8,158.47,0.996,47,15,0.531,15,1,4,1,0,17,free,mobile,AR,1
33,795.07,0.716,7,4,0.531,26,0,0,5,0,21,free,mobile,CL,0
32,257.6,0.255,51,13,0.385,10,1,2,1,0,12,basic,desktop,MX,0
22,394.96,0.0,35,11,0.232,20,0,1,9,2,4,pro,desktop,AR,1
18,353.57,0.747,41,2,0.68,27,0,2,10,2,3,pro,mobile,MX,0
49,793.58,0.581,42,5,1.0,4,1,1,9,2,35,basic,desktop,AR,0
27,185.95,0.828,36,18,0.97,17,0,2,9,2,5,pro,desktop,MX,0
48,770.2,0.424,15,11,0.553,27,0,1,5,1,12,pro,desktop,CO,0
57,914.06,0.67,48,15,0.722,16,0,1,8,0,34,basic,mobile,PE,0
19,325.12,0.769,33,3,0.48,26,0,2,4,1,26,free,mobile,AR,0
12,175.43,0.511,32,4,0.503,12,1,2,10,2,1,basic,desktop,AR,0
57,874.49,0.515,19,18,0.52,26,2,0,2,1,7,free,mobile,AR,0
38,674.95,0.605,0,8,0.666,18,1,2,1,0,21,pro,mobile,AR,0
17,351.13,0.709,33,17,0.673,14,0,0,11,1,15,basic,desktop,AR,1
37,598.42,0.597,20,16,0.738,6,1,1,4,1,44,free,desktop,AR,0
30,466.26,0.795,39,6,0.799,5,1,0,3,0,5,pro,mobile,PE,0
54,1001.92,0.508,21,18,0.649,8,0,2,8,0,1,free,mobile,PE,0
15,97.12,0.334,58,15,0.705,22,1,2,4,1,24,pro,mobile,CO,0
59,1230.87,0.995,40,2,0.536,14,0,1,8,2,43,pro,mobile,AR,0
56,1007.81,0.479,27,1,0.498,11,0,2,5,1,0,basic,mobile,CO,0
10,182.38,0.486,42,2,0.475,14,0,1,9,2,37,basic,mobile,MX,1
9,213.88,0.587,38,14,0.797,10,0,1,0,0,44,free,mobile,MX,1
31,194.78,0.613,37,2,0.649,24,1,1,8,1,18,basic,mobile,AR,1
2,12.31,0.523,34,5,0.419,11,1,0,3,0,18,pro,tablet,PE,0
17,333.93,0.597,55,8,0.691,14,0,1,5,1,44,free,mobile,AR,1
26,466.89,0.592,19,2,0.513,16,0,2,11,1,28,free,mobile,AR,1
58,1103.22,0.635,25,6,0.949,19,0,1,5,1,24,basic,mobile,AR,0
59,898.41,0.129,15,13,0.613,10,1,5,0,0,12,basic,mobile,AR,0
9,197.88,0.976,34,19,0.802,2,0,0,5,0,41,basic,mobile,UY,1
53,1250.58,0.571,59,9,0.863,20,1,0,2,1,11,free,desktop,MX,1
5,104.52,0.716,36,14,0.557,16,0,2,5,0,17,free,desktop,PE,1
44,723.14,0.324,12,10,0.711,19,1,2,2,0,38,pro,mobile,UY,0
50,267.69,0.506,55,9,0.783,16,0,2,7,3,22,free,mobile,MX,1
53,1198.62,0.466,47,10,0.717,15,0,1,2,1,34,free,mobile,CO,1
13,329.29,0.894,26,19,0.754,28,1,2,5,0,44,free,mobile,PE,0
53,1158.97,0.483,8,1,0.501,1,1,0,11,1,28,pro,mobile,AR,0
6,76.33,0.752,24,10,0.783,2,0,0,7,1,7,free,mobile,AR,0
31,683.33,0.47,48,1,0.627,28,0,3,8,2,33,free,mobile,CL,0
28,648.57,0.509,34,17,0.752,26,0,3,9,0,26,basic,mobile,MX,0
18,492.35,0.551,11,12,0.838,12,2,1,11,0,7,free,desktop,CO,0
1,12.74,0.857,9,0,0.8,16,1,3,10,2,4,pro,mobile,AR,1
46,765.5,0.222,58,12,0.752,13,0,0,10,0,42,pro,desktop,PE,0
20,449.67,0.337,26,8,0.796,29,0,0,4,0,4,basic,mobile,MX,0
39,715.43,0.211,41,0,0.803,13,1,2,7,1,20,basic,desktop,AR,1
24,271.1,0.382,21,19,0.924,22,0,1,9,1,44,free,desktop,MX,0
22,450.73,0.438,5,7,0.695,10,1,3,6,0,39,basic,desktop,PE,1
53,1138.01,0.277,24,0,0.725,11,0,2,1,0,37,free,desktop,AR,0
5,92.64,0.453,41,12,0.84,20,0,1,6,1,33,basic,mobile,AR,1
44,849.97,0.197,20,7,0.626,11,0,2,2,0,21,free,mobile,MX,1
44,723.7,0.396,36,13,0.5,0,0,2,8,3,12,basic,desktop,CL,0
22,591.13,0.84,26,3,0.774,5,0,1,10,2,40,free,mobile,AR,0
15,188.94,0.681,20,16,0.669,26,1,1,8,0,25,basic,desktop,PE,0
0,0.0,0.637,15,8,0.519,11,0,3,6,2,17,free,desktop,AR,0
56,1011.69,0.399,15,8,0.775,3,1,2,7,1,43,free,mobile,AR,0
56,1303.33,0.293,15,16,0.915,28,1,1,6,1,16,basic,desktop,PE,0
14,126.22,0.372,43,10,0.456,29,1,0,5,1,1,basic,mobile,MX,1
1,10.14,0.591,20,0,0.853,14,0,2,2,0,27,pro,mobile,CL,1
7,40.42,0.774,44,11,0.319,18,0,1,8,1,19,free,desktop,AR,1
4,72.78,0.78,18,12,0.64,22,2,1,4,0,28,free,desktop,AR,1
49,553.22,0.726,19,6,0.976,1,0,0,1,0,27,basic,mobile,AR,0
53,831.71,0.452,55,3,0.651,8,0,2,9,1,28,free,mobile,PE,1
9,197.71,0.605,52,1,0.713,16,0,0,6,2,15,pro,desktop,AR,0
44,622.63,0.536,24,16,0.814,16,1,2,6,0,11,free,desktop,AR,0
10,193.88,0.56,16,0,0.443,9,0,3,6,1,14,pro,desktop,CO,1
22,356.49,1.0,42,11,0.711,0,1,2,0,0,43,basic,mobile,PE,0
35,771.14,0.248,4,16,0.71,28,0,4,6,1,33,free,mobile,CO,0
43,896.58,0.553,27,7,0.979,18,0,2,6,1,17,basic,mobile,AR,0
52,720.12,0.842,35,4,0.515,22,0,1,6,0,41,basic,mobile,AR,1
2,33.98,0.307,40,14,0.643,13,1,2,0,0,34,basic,desktop,UY,1
11,266.89,0.471,6,12,0.561,15,0,1,9,0,24,basic,mobile,CO,1
16,325.76,0.494,0,0,0.545,13,0,0,7,1,36,basic,mobile,PE,0
18,173.13,0.555,16,11,0.869,12,0,1,9,0,42,basic,desktop,CL,0
59,1294.09,0.281,7,0,0.704,20,0,3,6,1,25,basic,mobile,CO,1
46,528.65,0.719,30,7,0.617,29,0,4,3,0,4,basic,desktop,UY,0
19,503.03,0.733,55,6,0.622,23,0,1,9,3,19,pro,mobile,AR,0
58,1400.39,0.702,17,16,0.616,20,0,3,4,1,10,basic,mobile,AR,0
29,572.44,0.426,27,19,0.629,0,1,1,5,1,31,basic,desktop,AR,1
30,568.3,0.617,12,13,0.51,15,0,2,0,0,3,free,desktop,CO,1
26,435.39,0.42,2,14,0.661,28,0,2,1,0,21,free,desktop,AR,0
8,176.57,0.533,42,0,0.646,11,0,2,1,0,19,free,mobile,AR,1
56,883.42,1.0,15,1,0.586,16,0,1,5,1,17,basic,mobile,MX,0
0,0.0,0.619,32,15,0.723,9,0,2,3,0,28,pro,desktop,CO,1
10,232.32,0.362,40,8,0.736,5,0,0,3,0,24,free,mobile,CL,1
13,190.18,0.636,50,10,0.617,21,0,5,9,1,9,basic,mobile,UY,1
16,228.85,0.33,11,13,0.678,9,0,1,8,1,36,free,mobile,AR,1
7,75.84,0.36,34,6,1.0,17,1,2,9,4,20,free,mobile,MX,1
1,11.61,0.392,54,13,1.0,17,0,4,9,1,7,free,mobile,MX,1
40,281.19,0.511,29,14,0.542,25,0,2,2,0,30,basic,desktop,MX,0
58,1297.98,0.787,2,4,0.563,28,0,4,7,1,17,free,mobile,MX,0
7,201.97,0.716,15,13,0.541,16,0,2,10,2,28,free,mobile,MX,0
17,451.38,0.705,47,3,0.859,1,1,1,3,1,33,basic,desktop,CO,1
30,247.3,0.38,47,6,0.64,17,0,3,4,1,28,basic,tablet,CO,0
55,1229.2,0.492,18,15,0.736,26,1,4,6,1,42,basic,desktop,UY,0
41,1087.84,0.654,11,19,1.0,14,0,1,9,0,27,free,desktop,PE,0
45,686.66,0.474,17,1,0.698,16,0,0,1,0,17,basic,tablet,CL,0
34,632.7,0.544,14,12,0.806,22,0,2,5,1,44,free,mobile,CO,0
25,148.82,0.688,44,11,0.778,13,1,0,2,0,23,free,desktop,CL,1
11,215.6,0.53,50,12,0.612,12,1,1,8,0,32,basic,mobile,MX,1
51,592.55,0.645,2,15,0.859,14,0,1,2,0,14,basic,mobile,AR,0
48,921.49,0.919,44,1,0.573,25,0,2,4,0,40,pro,mobile,AR,0
1,8.63,0.566,45,14,0.901,14,0,0,4,0,42,pro,mobile,PE,0
42,892.8,0.836,36,5,0.612,9,0,0,0,0,42,free,desktop,MX,0
5,120.74,0.712,52,3,0.628,17,0,2,8,1,17,free,desktop,AR,1
44,585.24,0.307,2,8,0.537,20,0,2,3,1,38,pro,mobile,MX,1
49,547.74,0.38,41,0,0.561,27,0,2,5,1,30,free,desktop,AR,0
7,35.45,0.433,7,12,0.636,26,1,1,8,1,4,basic,desktop,CO,1
26,426.44,0.429,53,11,0.335,23,0,1,9,3,41,basic,mobile,AR,1
7,101.57,0.582,29,10,0.665,23,1,2,11,3,23,basic,desktop,MX,1
34,295.59,0.723,5,0,0.624,13,2,0,1,0,23,free,mobile,CO,0
55,1139.5,0.851,44,15,0.819,10,0,0,7,0,17,free,mobile,MX,0
4,61.2,0.662,44,0,0.763,16,0,1,3,0,38,free,mobile,AR,1
23,265.55,0.511,27,5,0.594,21,0,1,9,2,4,free,desktop,CO,1
58,851.01,0.184,18,7,0.631,15,0,0,4,0,17,free,mobile,CO,0
18,439.7,0.614,1,14,0.665,6,0,1,0,0,25,basic,mobile,AR,1
7,151.32,0.605,54,8,0.923,0,1,2,10,1,8,basic,mobile,AR,1
29,499.38,0.637,11,16,0.577,1,0,1,9,1,9,free,desktop,MX,1
30,651.44,1.0,50,18,0.592,12,0,3,3,0,27,free,desktop,AR,1
39,430.35,0.848,35,15,0.531,23,1,2,10,0,26,pro,mobile,AR,0
18,327.5,0.757,41,0,0.478,23,1,0,4,0,36,free,desktop,CL,1
57,1076.38,0.408,41,15,0.746,24,0,0,4,0,36,free,desktop,CL,1
31,470.61,0.497,51,4,0.73,21,0,1,3,0,0,basic,mobile,PE,1
17,350.42,0.581,2,17,0.892,0,0,2,5,1,17,free,mobile,UY,0
57,759.09,0.445,59,19,0.856,26,0,5,11,0,38,free,mobile,CO,0
55,1158.24,0.7,2,1,1.0,28,0,0,0,0,42,free,desktop,AR,0
29,618.02,0.671,59,1,0.689,25,0,1,7,1,4,pro,mobile,AR,0
1,3.0,0.382,15,13,0.661,13,1,0,2,1,34,basic,mobile,AR,1
35,879.96,0.839,50,2,0.505,6,1,0,1,0,10,basic,desktop,MX,1
33,99.0,0.62,5,19,0.804,27,0,1,0,0,36,pro,desktop,MX,1
8,114.43,0.254,27,10,0.718,5,0,2,3,0,20,basic,mobile,UY,1
38,917.78,0.59,32,11,0.798,23,0,3,8,2,5,free,desktop,CL,0
50,804.81,0.656,57,17,0.529,28,1,2,8,1,9,basic,tablet,AR,1
6,55.22,0.795,7,4,0.753,27,0,3,9,2,42,basic,mobile,MX,0
43,491.82,0.533,2,11,0.731,15,0,3,1,0,34,basic,desktop,AR,0
8,193.29,0.766,38,19,0.721,25,0,1,1,0,1,pro,mobile,AR,0
44,284.72,0.637,2,0,0.598,24,0,1,11,2,42,free,desktop,AR,0
25,619.35,0.337,46,3,0.878,29,0,2,11,2,37,free,mobile,AR,0
0,0.0,0.317,2,2,1.0,10,1,1,8,2,24,basic,desktop,AR,1
57,618.2,0.825,58,6,0.533,18,0,3,10,1,1,free,mobile,CL,0
9,130.51,0.839,31,2,0.808,24,1,4,9,1,19,pro,mobile,CO,0
35,416.38,0.665,56,3,0.268,6,1,0,6,1,7,basic,desktop,PE,1
10,231.97,0.899,7,17,0.8,6,0,2,5,0,16,free,mobile,AR,0
55,1231.7,0.811,16,9,0.419,11,0,0,11,1,14,basic,desktop,CL,0
44,338.14,0.737,27,7,0.621,10,0,0,8,1,32,pro,mobile,PE,0
48,747.77,0.418,1,8,0.503,22,2,0,10,1,33,basic,mobile,UY,0
25,320.52,0.946,6,19,0.668,28,0,0,2,0,7,basic,desktop,PE,0
28,721.31,0.707,19,9,0.826,4,0,2,2,0,40,basic,mobile,CL,0
38,376.18,0.523,44,9,0.421,9,0,0,7,1,30,free,desktop,PE,1
47,1298.39,0.466,42,18,0.646,27,0,2,11,1,29,basic,mobile,CO,0
50,890.01,0.651,5,0,0.623,17,1,2,7,1,34,basic,mobile,AR,0
1,11.03,0.266,3,9,0.937,6,0,0,5,1,32,pro,desktop,AR,0
39,543.52,0.74,39,14,0.765,18,0,3,0,0,35,pro,mobile,PE,0
6,79.14,0.409,21,10,0.523,26,2,0,1,0,13,pro,mobile,PE,1
17,175.99,0.674,47,17,0.629,11,0,2,2,0,30,free,mobile,CL,1
49,909.88,0.496,17,17,0.933,14,1,3,2,0,43,pro,desktop,MX,0
15,159.49,0.547,21,6,0.807,18,2,2,8,2,33,basic,mobile,AR,1
47,231.14,0.449,13,16,0.562,25,0,4,8,1,18,basic,mobile,CO,0
27,424.49,0.568,15,4,0.66,16,0,1,4,0,28,pro,mobile,CL,0
13,93.38,0.978,42,4,0.665,28,1,2,11,0,41,pro,desktop,AR,1
20,269.74,0.877,28,19,0.619,22,1,3,4,0,29,pro,mobile,CL,0
31,388.91,0.671,39,0,0.443,12,1,1,5,1,35,free,mobile,CL,0
45,574.77,0.595,4,7,0.598,14,0,1,6,2,40,free,desktop,UY,1
36,1080.21,0.769,32,12,0.908,20,0,1,6,1,16,pro,desktop,PE,0
55,1008.62,0.826,27,8,0.643,2,0,1,2,0,15,pro,desktop,AR,0
52,1012.56,0.434,54,16,0.685,6,0,4,3,1,15,free,mobile,AR,0
45,330.37,0.585,25,5,0.721,7,1,0,8,0,16,free,mobile,AR,1
36,506.74,0.236,6,11,1.0,24,1,0,10,2,30,basic,mobile,AR,1
17,327.96,0.825,41,2,0.701,24,0,2,5,1,21,free,mobile,MX,0
24,284.47,1.0,8,4,0.864,24,1,3,1,0,42,basic,desktop,CL,0
7,164.14,0.616,54,3,0.61,3,2,4,10,3,30,pro,mobile,AR,1
22,237.24,0.175,23,14,0.661,8,1,4,6,1,30,free,mobile,UY,1
55,895.5,0.722,47,4,0.702,9,0,0,5,0,42,basic,mobile,CO,0
25,362.09,0.419,39,13,0.584,0,0,2,7,0,38,basic,desktop,AR,0
6,113.92,0.467,27,6,0.669,7,1,2,9,0,1,free,mobile,CO,1
39,552.13,0.725,35,11,0.833,12,0,3,0,0,43,basic,desktop,AR,1
57,933.35,0.651,10,17,0.58,26,1,3,4,0,39,basic,mobile,MX,0
52,862.33,0.502,4,17,0.7,5,1,0,11,3,14,pro,mobile,CL,0
16,217.5,0.47,45,0,0.806,25,0,1,3,0,10,basic,desktop,AR,1
27,564.59,0.625,57,15,0.576,24,0,0,11,0,24,pro,mobile,CL,1
31,602.34,0.518,51,19,0.864,4,0,3,3,0,44,free,desktop,UY,1
14,244.56,0.378,18,13,0.711,7,0,0,5,1,27,pro,desktop,CO,0
16,246.68,0.533,21,3,0.675,13,1,1,0,0,26,basic,tablet,MX,1
14,318.91,0.668,21,13,0.399,28,0,6,8,2,9,basic,mobile,PE,0
59,978.51,0.564,42,12,0.644,23,0,2,2,0,40,free,mobile,PE,0
44,711.03,0.317,37,13,0.756,29,0,2,10,0,35,free,mobile,PE,0
50,931.41,0.798,47,8,0.962,9,0,1,1,0,2,basic,desktop,AR,1
48,1352.62,0.052,56,10,0.785,27,0,2,1,0,11,pro,mobile,AR,0
57,567.6,0.511,23,13,0.869,28,0,5,5,1,39,pro,mobile,CO,0
6,135.71,0.476,39,9,0.519,17,2,2,1,0,31,free,tablet,UY,1
52,345.33,0.63,30,15,0.681,4,0,0,3,0,18,free,mobile,MX,1
3,57.91,0.712,57,14,0.883,8,0,4,8,0,23,basic,mobile,UY,0
28,768.61,0.825,21,6,0.567,3,0,2,6,1,5,pro,desktop,MX,1
35,732.62,0.458,11,12,0.845,24,0,1,6,1,37,pro,mobile,AR,0
21,399.5,0.717,22,15,0.81,9,0,2,1,0,28,free,mobile,PE,0
8,117.1,0.639,37,9,0.741,21,1,2,8,1,23,free,mobile,PE,0
11,200.05,0.258,57,14,0.651,8,0,2,1,0,27,free,mobile,MX,1
49,807.89,0.98,49,2,0.552,29,0,0,6,1,26,basic,mobile,CO,0
19,252.4,0.312,1,7,0.966,23,1,3,9,1,19,free,desktop,AR,0
18,292.69,0.684,30,14,0.795,11,1,2,8,0,8,free,mobile,MX,0
55,1055.47,0.678,9,17,0.751,14,0,0,4,1,21,pro,mobile,CL,0
8,107.17,0.655,21,12,0.638,1,1,0,1,0,36,basic,tablet,MX,1
54,710.76,0.501,56,13,0.706,4,1,1,9,1,2,pro,desktop,MX,0
55,541.12,0.765,59,6,0.725,29,0,2,2,1,18,pro,mobile,AR,0
35,712.05,0.288,9,14,0.76,24,0,4,5,1,36,free,desktop,AR,0
9,191.45,0.587,8,7,0.81,25,1,1,2,0,26,free,mobile,AR,1
9,174.51,0.487,41,1,0.583,19,0,3,0,0,1,basic,mobile,MX,1
17,404.45,0.465,24,4,0.48,6,0,3,4,1,38,basic,desktop,CL,1
34,629.92,0.686,25,12,0.713,3,0,1,6,1,2,basic,mobile,CL,0
9,183.17,0.815,52,19,0.438,21,0,1,9,0,21,pro,mobile,CL,1
27,535.22,0.531,55,9,0.651,9,0,2,8,2,5,pro,desktop,AR,0
6,104.7,0.756,54,17,0.624,0,0,0,9,1,12,basic,mobile,CO,1
32,474.08,0.61,46,15,0.774,0,1,0,9,0,17,free,mobile,CO,1
1,31.28,0.421,58,11,0.997,16,0,3,4,1,11,free,desktop,MX,1
42,642.11,0.548,43,16,0.408,25,1,2,4,1,39,basic,mobile,AR,1
3,42.01,0.54,53,8,1.0,10,0,2,7,0,25,free,mobile,MX,0
11,226.64,0.461,32,8,0.665,29,0,2,5,0,16,pro,mobile,CL,0
10,195.11,0.686,3,14,0.752,11,0,0,3,0,13,basic,mobile,CO,0
49,468.99,0.647,48,12,0.488,21,0,1,0,0,22,free,mobile,AR,1
3,74.21,0.282,55,10,0.85,7,0,2,5,1,15,pro,desktop,CO,1
25,435.87,0.27,18,8,0.706,18,0,5,5,0,36,basic,mobile,UY,0
35,396.7,0.685,25,19,0.691,8,0,3,11,1,10,free,desktop,PE,0
30,753.98,0.437,34,1,0.409,23,0,1,9,0,31,basic,mobile,PE,0
40,870.16,0.66,39,1,0.711,13,0,2,3,1,20,basic,mobile,AR,1
48,499.81,0.756,40,9,0.827,1,0,0,1,0,11,basic,tablet,MX,0
23,659.25,0.346,23,0,0.665,7,0,1,9,1,20,free,mobile,AR,1
49,1075.69,0.318,51,6,0.876,10,1,0,5,1,5,basic,mobile,MX,1
19,340.84,0.935,48,11,0.87,13,0,1,0,0,23,basic,tablet,CO,0
59,1624.94,0.67,56,8,0.604,8,0,1,9,1,32,free,mobile,CO,1
30,568.67,0.516,34,4,0.939,17,0,0,4,1,26,free,mobile,UY,0
44,784.59,0.413,4,5,0.707,28,0,1,2,0,0,basic,mobile,UY,0
52,729.99,0.498,50,12,0.707,21,1,0,7,2,26,free,desktop,AR,0
47,1010.08,0.362,4,19,0.715,9,0,1,9,1,1,pro,mobile,PE,0
51,1063.84,0.777,11,15,0.71,20,0,0,9,0,16,free,desktop,PE,0
32,578.82,0.445,17,10,0.305,29,0,1,3,1,28,basic,desktop,CO,0
2,26.52,0.819,11,2,0.672,7,1,3,7,3,40,pro,desktop,AR,0
29,544.61,0.52,43,4,0.495,6,0,3,5,1,43,free,mobile,AR,1
10,175.81,0.391,26,8,0.944,1,1,2,10,2,23,basic,mobile,CL,1
53,529.96,0.515,13,4,0.938,25,1,3,2,0,9,free,desktop,AR,0
14,128.37,0.075,0,13,0.828,24,0,1,9,1,37,basic,desktop,AR,0
13,278.08,0.576,12,7,0.664,12,0,3,4,0,16,pro,mobile,AR,0
14,42.0,0.566,41,16,0.549,26,0,1,7,0,25,pro,mobile,MX,1
38,730.83,0.765,47,5,0.601,19,0,1,6,2,8,basic,desktop,MX,1
34,514.47,0.223,17,9,0.991,29,0,3,4,1,16,pro,desktop,AR,0
56,1447.57,0.832,4,14,0.596,27,0,3,2,0,21,pro,desktop,PE,0
24,360.94,0.764,33,4,0.347,28,0,0,4,0,33,free,desktop,AR,0
16,351.31,0.85,46,15,0.855,11,0,0,7,1,40,pro,mobile,AR,0
2,31.24,0.589,4,11,0.925,19,0,4,7,0,7,free,desktop,CL,1
0,0.0,0.803,47,12,0.949,5,0,2,7,1,25,pro,desktop,MX,1
22,493.26,0.306,10,9,0.856,26,1,1,7,0,43,pro,mobile,AR,0
55,837.36,0.743,15,18,0.88,9,1,0,0,0,0,basic,mobile,CO,0
31,743.36,0.446,37,15,0.708,13,0,0,4,0,25,basic,mobile,AR,0
53,638.0,0.27,3,3,0.389,17,0,4,3,0,34,pro,mobile,AR,1
6,118.61,0.375,18,11,0.704,23,0,1,4,0,4,free,desktop,CL,1
5,117.68,0.601,8,18,0.793,21,0,3,4,0,30,basic,mobile,AR,0
50,1098.01,0.435,12,5,0.68,28,0,0,2,0,18,basic,desktop,UY,0
6,176.99,0.675,46,10,0.673,21,0,2,11,3,27,basic,mobile,MX,1
3,40.26,0.238,13,15,0.555,23,0,2,0,0,32,free,mobile,AR,1
24,233.4,0.175,2,5,0.55,17,0,1,7,1,6,free,mobile,CO,1
55,661.87,0.874,12,10,0.976,12,0,1,5,1,3,pro,mobile,CO,0
41,900.47,0.781,5,11,0.981,27,0,1,8,1,14,pro,desktop,CL,0
5,104.94,0.39,37,3,0.7,11,1,2,9,4,11,pro,mobile,UY,1
50,930.68,0.599,58,3,0.742,18,0,3,7,1,12,basic,desktop,CL,0
50,563.11,0.804,10,11,0.553,8,0,1,9,2,41,basic,tablet,AR,0
48,1084.86,0.684,43,3,0.796,14,0,1,3,1,30,basic,mobile,CO,0
54,575.2,0.63,21,18,0.964,11,1,3,11,1,16,basic,mobile,PE,1
14,349.35,0.819,4,10,0.471,7,1,1,1,0,27,pro,desktop,AR,1
58,2038.39,0.454,41,14,0.77,24,0,3,8,1,7,free,mobile,AR,0
19,383.78,0.606,12,7,0.781,23,0,0,1,0,8,pro,mobile,MX,0
48,1031.94,0.596,30,5,0.779,21,0,2,2,0,4,pro,desktop,CO,0
34,511.46,0.545,30,9,0.946,2,0,3,9,1,19,basic,mobile,AR,1
46,328.38,0.522,35,14,1.0,7,0,2,8,0,27,pro,desktop,UY,0
37,532.2,0.615,8,7,0.665,6,2,1,7,2,22,pro,mobile,AR,0
38,434.82,0.607,15,5,0.801,21,0,5,9,2,25,free,desktop,CO,1
36,335.45,0.39,44,2,0.713,26,0,3,3,0,7,free,desktop,PE,1
46,1303.37,0.76,55,10,0.605,11,0,0,7,1,29,basic,mobile,AR,1
44,864.04,0.405,0,13,0.741,9,0,4,2,0,24,pro,mobile,CL,0
8,162.23,0.556,24,10,0.801,16,0,2,5,1,43,free,mobile,AR,1
49,791.15,0.541,52,5,0.733,29,0,3,4,1,11,basic,mobile,MX,0
32,542.81,0.672,17,4,0.568,11,0,1,7,1,2,basic,desktop,MX,1
19,451.96,0.176,26,7,0.63,8,0,0,0,0,20,basic,desktop,CO,0
30,534.18,0.778,54,6,0.632,15,0,0,0,0,8,free,desktop,CL,1
58,1228.68,0.465,58,4,0.574,27,0,2,0,0,7,free,desktop,AR,0
51,858.02,0.844,39,18,0.747,21,0,2,3,1,10,pro,mobile,AR,0
50,797.35,0.504,41,6,0.763,15,1,2,6,1,30,free,mobile,AR,1
27,258.08,0.59,36,5,0.847,21,0,1,1,0,19,basic,desktop,MX,0
47,288.27,0.983,17,12,0.571,0,1,2,11,1,39,basic,mobile,PE,1
23,377.9,0.545,53,16,0.613,22,4,2,4,1,5,pro,mobile,CO,1
41,751.9,0.848,2,9,0.933,2,0,1,3,0,41,pro,mobile,AR,0
38,390.76,0.608,3,13,0.675,11,2,0,10,0,18,pro,mobile,UY,0
14,249.1,0.683,36,1,0.705,10,0,0,2,0,24,basic,desktop,AR,1
15,274.84,0.614,50,10,0.674,20,0,1,2,1,36,free,mobile,UY,1
3,15.19,0.77,48,1,0.87,7,1,0,4,0,22,free,desktop,AR,1
8,100.07,0.463,40,2,0.876,7,0,4,0,0,7,basic,tablet,AR,1
26,531.53,0.403,22,11,0.867,26,0,2,8,1,10,free,desktop,PE,1
28,569.03,0.472,21,4,0.704,14,0,2,9,1,41,free,desktop,CL,1
9,99.7,0.62,25,0,0.569,22,1,0,4,0,3,free,desktop,PE,1
25,473.77,0.556,15,3,0.989,17,0,0,10,2,41,basic,mobile,CO,0
36,868.84,0.742,25,15,0.828,18,0,2,0,0,30,basic,desktop,AR,0
13,294.61,0.861,6,11,0.632,20,1,0,6,1,23,pro,desktop,AR,0
20,348.57,0.405,19,7,0.914,20,0,2,8,1,14,basic,tablet,CL,0
22,334.23,0.453,56,19,0.62,27,0,0,4,0,38,free,mobile,MX,1
30,426.72,0.313,42,7,0.912,23,1,1,11,2,1,basic,mobile,CL,0
21,436.95,1.0,8,17,0.922,9,0,1,5,0,32,basic,desktop,AR,0
44,843.51,0.661,17,6,0.562,5,0,5,11,1,9,pro,desktop,AR,0
19,413.75,0.696,15,0,0.787,25,1,4,7,1,16,basic,mobile,CL,0
26,488.57,0.332,16,2,0.817,11,0,2,2,0,2,free,mobile,AR,0
22,504.08,0.6,41,5,1.0,9,2,2,9,1,25,basic,mobile,CL,0
10,185.68,0.702,53,3,0.589,3,1,4,0,0,6,basic,desktop,AR,1
41,931.03,0.549,42,3,0.915,16,0,2,2,0,5,basic,desktop,PE,0
14,325.15,0.815,29,7,0.703,15,0,1,9,2,14,free,desktop,MX,1
17,223.94,1.0,9,19,0.514,24,0,0,10,2,22,basic,desktop,AR,0
47,336.1,0.411,8,4,0.682,22,0,3,4,1,42,free,mobile,CO,1
56,1526.61,0.396,48,4,0.7,21,0,3,7,3,37,pro,mobile,CL,0
40,781.6,0.424,40,19,0.541,16,1,0,8,1,18,free,mobile,CL,1
54,416.51,0.921,30,4,0.747,25,1,2,8,1,26,free,mobile,AR,0
51,699.57,0.808,34,16,0.844,29,0,1,10,2,34,basic,desktop,AR,1
28,633.67,0.573,50,12,0.736,24,0,5,1,0,17,basic,desktop,PE,1
46,750.81,0.607,48,18,0.619,10,0,0,2,0,34,free,mobile,AR,1
19,283.62,0.437,5,11,0.678,8,0,2,11,2,29,pro,mobile,MX,0
27,712.94,0.778,23,11,0.699,0,0,1,6,3,31,basic,tablet,AR,0
32,374.92,0.524,2,4,0.733,29,0,3,6,1,43,pro,mobile,CL,0
57,753.03,0.548,23,11,0.866,21,0,0,4,1,16,free,mobile,MX,0
50,963.42,0.722,38,13,0.741,28,0,0,4,1,3,basic,desktop,AR,0
29,589.94,0.562,12,19,0.49,23,0,1,2,1,24,basic,desktop,AR,1
39,818.14,0.553,9,1,0.616,12,0,5,4,1,14,basic,mobile,CL,0
12,281.61,0.602,29,3,0.725,4,0,0,0,0,2,free,mobile,CL,0
48,921.19,0.759,31,0,0.869,1,0,1,3,0,7,free,mobile,PE,0
33,690.9,0.929,42,15,0.895,23,0,2,11,2,24,pro,mobile,MX,0
31,509.79,0.717,0,1,0.966,9,0,1,1,0,43,pro,mobile,PE,0
45,826.93,0.761,14,18,0.72,11,1,1,8,0,15,free,mobile,PE,0
37,689.87,0.56,46,7,0.814,25,0,4,0,0,24,free,mobile,AR,0
4,77.16,0.458,40,5,0.482,14,0,0,8,2,7,free,mobile,PE,1
17,384.8,0.731,53,19,0.764,28,0,0,3,1,5,basic,desktop,UY,0
10,213.31,0.634,48,14,0.539,16,0,0,8,0,35,free,mobile,CL,1
44,803.67,0.315,50,10,0.691,24,0,0,5,2,27,pro,mobile,MX,1
2,26.29,0.534,30,17,1.0,3,0,2,9,0,8,free,mobile,AR,0
12,220.87,0.583,57,15,0.746,11,1,0,8,1,22,basic,mobile,AR,0
35,624.12,0.498,24,12,0.57,5,0,0,6,1,26,pro,desktop,AR,0
41,785.52,0.896,54,6,0.761,1,1,1,8,1,2,free,mobile,AR,0
30,937.17,0.696,23,19,0.622,29,0,0,11,3,13,pro,desktop,CL,0
51,757.73,0.875,26,14,0.556,15,0,2,7,2,38,pro,desktop,MX,0
55,1129.36,0.653,41,18,1.0,10,0,0,2,0,16,basic,mobile,AR,0
7,170.88,0.616,23,19,0.86,11,1,1,1,0,31,free,desktop,AR,0
57,1059.52,0.413,8,10,0.752,7,0,2,6,0,27,basic,mobile,AR,0
36,1152.97,0.602,53,7,0.641,3,0,2,5,1,0,free,mobile,UY,1
38,597.81,0.603,27,18,0.653,27,0,1,7,0,42,pro,mobile,CO,0
5,99.72,0.327,55,19,0.931,3,0,1,8,1,43,basic,desktop,AR,1
37,488.67,0.492,23,2,0.746,11,0,1,2,0,30,pro,desktop,CO,0
43,683.31,0.535,58,12,0.238,4,0,1,8,1,7,basic,desktop,PE,0
34,662.78,0.683,36,12,1.0,27,0,2,11,1,38,free,desktop,CO,0
5,115.39,0.692,46,14,0.727,6,2,1,3,0,0,basic,tablet,PE,1
31,617.35,0.484,45,19,0.752,11,0,3,11,3,22,pro,mobile,CL,0
56,1431.06,0.694,12,5,0.863,22,1,2,11,0,19,basic,desktop,AR,0
43,749.5,0.564,48,19,0.77,17,0,2,5,1,31,free,mobile,PE,1
8,128.06,0.026,56,12,0.812,11,0,1,9,0,6,pro,tablet,PE,1
57,1950.76,0.503,39,1,0.636,16,0,0,11,2,39,free,mobile,AR,0
57,1160.83,0.816,56,10,0.516,13,3,2,10,1,25,pro,mobile,MX,0
10,136.83,0.264,50,2,0.742,8,1,1,4,1,11,free,mobile,MX,1
48,664.05,0.623,39,19,0.915,17,0,3,7,0,14,pro,mobile,CL,1
24,296.25,0.917,28,15,0.603,10,0,2,7,2,30,basic,desktop,MX,1
35,826.68,0.448,51,18,0.591,28,1,0,4,1,8,free,mobile,AR,1
26,411.16,0.6,11,12,0.883,13,0,2,7,1,13,free,mobile,CL,1
46,863.15,0.339,33,7,0.631,22,0,1,11,3,44,free,desktop,AR,0
59,1039.52,0.925,48,8,0.638,7,0,3,0,0,39,basic,desktop,AR,0
47,1052.28,0.583,56,18,0.644,19,0,1,10,1,14,basic,desktop,CL,0
55,710.57,0.609,16,3,0.69,16,1,5,4,1,25,free,tablet,AR,0
56,646.61,0.871,5,17,0.464,22,0,0,9,0,18,basic,mobile,CL,0
5,96.73,0.732,20,8,0.619,13,0,2,1,0,9,pro,mobile,AR,0
15,324.09,0.425,51,11,0.735,21,0,5,10,1,13,free,mobile,CL,1
43,859.79,0.471,31,13,0.733,1,1,2,5,0,4,basic,mobile,AR,0
35,460.01,0.699,3,1,0.874,20,0,0,10,1,37,pro,mobile,AR,0
3,66.19,0.475,7,2,0.976,22,1,3,5,1,11,basic,desktop,CO,0
5,67.68,0.177,20,3,0.927,14,0,2,8,2,8,pro,mobile,MX,1
31,460.99,0.589,20,15,0.837,1,0,1,7,2,28,basic,desktop,MX,0
36,444.11,0.304,8,1,0.678,17,1,2,2,0,5,basic,desktop,MX,0
10,258.07,0.923,29,12,0.607,23,0,1,2,0,43,pro,mobile,AR,0
10,218.01,0.635,28,2,0.703,13,0,3,6,1,39,free,mobile,AR,0
7,151.41,0.419,11,15,0.788,2,0,1,5,1,18,basic,mobile,AR,1
33,840.95,0.46,13,19,0.823,11,0,2,7,1,8,basic,desktop,CO,0
0,0.0,0.222,39,8,0.793,29,0,3,9,2,6,free,mobile,MX,1
34,263.32,0.38,57,4,0.682,8,0,4,9,2,38,basic,desktop,CO,1
28,379.95,0.803,59,8,0.818,15,0,2,0,0,19,pro,mobile,PE,0
27,386.18,1.0,33,13,0.889,10,0,2,5,2,26,free,desktop,AR,1
40,515.8,0.745,2,14,0.832,21,0,1,1,0,5,basic,mobile,PE,0
31,357.57,0.582,53,12,0.695,12,0,0,6,1,37,free,mobile,MX,1
43,696.69,0.514,57,11,0.575,11,1,1,6,1,23,free,mobile,MX,1
45,481.52,0.409,16,12,0.571,17,3,2,11,2,3,basic,desktop,CL,1
55,1100.56,1.0,24,4,0.598,17,0,3,4,0,3,free,mobile,CL,0
47,860.58,0.562,1,4,0.739,14,0,2,5,0,43,basic,desktop,AR,0
31,647.47,1.0,48,18,0.778,7,0,2,6,0,2,free,mobile,AR,0
29,610.34,0.879,46,11,0.488,3,0,2,1,0,13,pro,desktop,AR,0
14,302.65,0.252,1,17,0.624,20,0,4,0,0,0,pro,desktop,AR,1
35,551.58,0.467,42,12,0.736,10,0,2,8,0,2,free,mobile,AR,0
8,245.81,0.466,24,9,0.565,18,1,2,3,0,36,free,mobile,AR,1
55,1067.36,0.584,32,11,0.765,11,1,2,4,1,34,free,mobile,UY,0
50,341.25,0.588,13,13,0.654,25,0,2,11,2,14,free,mobile,AR,0
7,83.9,1.0,48,3,0.591,21,0,5,2,0,8,basic,mobile,UY,0
47,355.18,0.385,24,9,0.708,12,0,0,10,1,11,basic,mobile,MX,0
7,126.73,0.646,50,14,0.759,9,1,2,7,1,15,basic,desktop,AR,0
43,742.57,0.723,8,1,0.573,22,0,2,3,0,34,pro,mobile,AR,0
5,75.95,0.6,35,1,0.664,0,0,2,11,1,26,pro,desktop,AR,0
29,871.9,0.622,18,3,0.77,1,0,1,7,1,19,basic,mobile,AR,1
39,830.46,0.391,57,11,0.586,2,2,3,3,0,3,basic,mobile,AR,1
43,961.33,0.621,33,4,0.451,10,0,0,5,0,5,basic,mobile,PE,0
25,310.34,0.702,43,8,0.47,14,0,0,4,0,9,basic,desktop,AR,0
55,660.28,0.666,5,2,0.637,8,0,1,10,1,9,free,desktop,MX,0
46,838.16,0.714,40,5,0.502,5,0,2,5,0,22,free,mobile,CL,1
12,228.46,0.883,6,0,0.648,9,0,2,0,0,38,free,desktop,MX,1
40,274.49,0.787,21,16,0.95,14,2,1,8,0,18,free,mobile,UY,0
43,727.48,0.614,13,9,0.493,8,0,2,9,2,14,basic,mobile,CL,0
20,361.69,0.366,0,3,0.658,17,0,1,4,1,25,basic,mobile,AR,1
44,735.2,0.48,35,10,1.0,11,2,1,11,3,3,basic,desktop,UY,0
53,695.34,0.556,14,18,0.761,28,0,0,5,1,32,pro,mobile,UY,0
49,723.38,0.65,30,16,0.645,29,0,0,3,1,2,free,mobile,CO,0
45,762.25,0.504,45,17,0.676,19,0,2,8,1,15,pro,mobile,CO,1
38,704.7,0.413,10,8,0.764,16,0,2,1,0,42,free,desktop,CL,0
16,346.06,0.362,42,7,0.954,0,0,0,11,1,18,free,tablet,MX,1
47,1150.8,0.27,17,6,0.62,18,0,1,8,2,33,free,mobile,AR,0
21,340.91,0.553,19,6,0.586,11,0,2,3,1,12,free,desktop,MX,1
31,473.15,0.306,34,18,0.493,8,0,1,0,0,38,free,desktop,PE,1
18,371.27,0.4,37,2,0.715,23,0,2,7,1,15,basic,tablet,AR,1
18,389.97,0.521,39,17,0.489,1,0,1,7,1,10,free,mobile,MX,1
9,138.55,0.333,11,18,0.63,7,0,4,9,1,2,free,mobile,CO,1
57,1296.31,0.676,34,16,0.564,23,1,2,3,1,13,free,mobile,AR,0
8,191.02,0.748,15,12,0.861,27,0,4,2,0,26,basic,desktop,MX,0
5,128.75,0.49,16,17,0.624,15,0,1,4,1,2,basic,mobile,CO,0
56,1605.52,0.513,56,0,0.76,15,0,0,9,1,7,free,mobile,AR,0
33,422.45,0.707,6,16,0.459,29,0,1,10,2,15,free,desktop,AR,1
26,470.17,0.457,24,10,0.72,2,0,2,4,0,32,basic,desktop,AR,1
44,794.98,0.443,26,19,0.52,14,0,1,0,0,26,basic,mobile,AR,1
22,383.05,0.839,14,1,0.636,7,0,1,1,0,1,basic,mobile,CL,1
7,98.73,0.777,47,18,1.0,14,0,2,6,1,1,basic,mobile,CO,1
43,390.73,0.72,29,11,0.84,27,0,1,0,0,2,free,mobile,AR,1
10,185.56,0.785,43,2,0.681,17,0,1,8,2,14,basic,mobile,MX,1
33,441.87,0.205,23,10,1.0,29,0,0,0,0,12,basic,mobile,AR,1
56,1036.89,0.871,53,0,0.563,15,0,1,5,0,5,pro,mobile,PE,0
56,741.2,0.678,43,1,0.875,25,0,4,9,1,19,free,tablet,AR,0
21,239.44,0.802,19,10,0.47,5,0,1,5,2,26,basic,mobile,CO,0
46,892.67,0.677,57,16,0.663,9,0,2,8,1,31,basic,mobile,AR,0
36,680.6,0.61,51,2,0.498,8,1,3,4,1,44,basic,mobile,CO,1
28,601.32,0.545,35,5,0.739,23,0,1,9,0,31,basic,desktop,CL,0
8,248.92,0.673,0,7,0.708,15,2,4,5,0,44,pro,mobile,UY,1
22,432.6,0.538,35,10,0.654,6,1,1,9,1,43,free,mobile,CL,1
39,815.51,0.774,41,0,0.864,5,1,0,11,1,38,free,mobile,PE,0
59,680.54,0.283,21,12,0.615,11,0,1,4,1,15,free,mobile,CL,0
0,0.0,0.492,8,9,0.749,4,1,0,2,0,1,basic,mobile,AR,0
43,1182.37,1.0,33,19,0.823,20,1,3,11,2,2,basic,desktop,MX,0
50,622.96,0.475,48,6,0.478,25,0,1,8,0,39,basic,mobile,AR,1
57,668.97,0.552,19,9,0.588,29,1,3,10,0,38,basic,desktop,CO,1
25,444.14,0.423,27,1,0.708,7,2,0,4,1,13,basic,mobile,AR,1
7,122.21,0.667,0,18,0.795,13,0,1,4,0,32,basic,desktop,CO,1
16,201.36,0.453,42,16,0.913,15,0,0,1,0,20,free,tablet,CL,0
51,824.68,0.563,51,7,0.668,14,0,0,9,1,3,free,mobile,MX,0
52,1319.57,0.77,46,9,0.653,13,0,1,10,1,29,free,desktop,CO,0
38,500.23,0.46,25,17,0.569,6,0,3,9,2,3,pro,mobile,MX,0
7,67.47,0.758,2,5,0.749,3,1,1,3,1,5,free,desktop,MX,0
7,165.59,0.764,29,4,0.655,12,0,1,5,1,21,free,mobile,MX,0
28,586.71,0.811,56,4,0.659,2,0,1,5,1,3,free,tablet,MX,1
35,499.69,0.628,5,14,0.686,1,0,1,1,0,15,basic,mobile,CO,0
1,8.51,1.0,12,4,0.783,15,0,2,0,0,33,pro,mobile,AR,0
41,554.82,0.811,50,1,0.615,25,0,1,4,1,26,pro,mobile,AR,0
32,565.5,0.665,34,3,0.584,16,0,1,6,0,2,free,mobile,CO,0
0,0.0,0.425,10,19,0.765,0,0,4,11,1,9,basic,desktop,MX,0
5,58.9,0.581,1,17,0.246,25,1,1,10,1,44,free,desktop,PE,0
27,472.31,0.885,24,19,0.609,20,0,1,8,1,43,pro,mobile,UY,1
43,948.19,0.942,35,5,0.527,9,2,1,11,1,41,basic,desktop,PE,1
49,181.91,0.896,50,8,0.88,8,1,3,9,3,23,free,mobile,MX,1
25,605.07,0.757,53,9,0.634,26,0,0,6,1,19,basic,desktop,CO,0
17,185.39,0.349,27,10,0.616,14,0,3,10,1,33,basic,mobile,AR,1
58,1159.53,0.697,25,0,0.693,4,1,0,11,0,43,pro,mobile,AR,0
27,525.96,0.352,55,11,0.611,8,2,2,2,0,5,free,mobile,CO,1
18,441.14,0.303,46,0,0.64,7,0,1,3,0,40,pro,mobile,CO,0
26,553.94,0.648,12,5,0.715,12,0,1,11,4,27,free,desktop,AR,0
0,0.0,0.705,40,5,0.637,10,0,2,0,0,6,free,tablet,PE,1
18,239.24,0.781,42,13,0.636,16,0,3,6,1,38,basic,mobile,PE,1
30,564.88,0.699,14,17,0.548,9,1,1,4,1,1,basic,mobile,AR,0
55,925.66,0.706,58,13,0.527,19,0,2,8,2,1,pro,mobile,AR,0
44,918.09,0.403,17,8,0.709,14,2,1,11,0,16,basic,desktop,PE,0
46,1045.87,0.579,32,10,0.746,28,0,0,3,0,24,basic,mobile,AR,0
32,692.82,0.299,29,10,0.486,24,0,1,2,1,19,free,desktop,AR,0
6,100.29,0.199,41,2,0.814,9,0,0,3,1,11,pro,desktop,MX,0
23,159.21,0.748,54,19,0.815,1,0,1,8,0,29,basic,mobile,CO,1
59,900.76,0.449,23,18,0.846,17,0,2,4,0,21,basic,tablet,CO,0
2,41.0,0.774,23,4,0.745,10,0,1,7,1,5,pro,mobile,MX,0
52,595.78,0.822,45,2,0.796,27,0,1,4,1,36,free,desktop,PE,0
41,893.29,0.476,57,3,1.0,12,0,1,8,1,13,pro,mobile,MX,0
17,398.66,0.718,54,12,0.655,8,0,1,0,0,31,basic,mobile,MX,0
46,863.02,0.468,45,0,0.543,10,0,3,4,0,15,pro,mobile,AR,1
50,150.0,0.231,42,2,0.47,25,0,1,3,0,33,basic,desktop,CL,1
2,20.66,0.625,46,12,0.963,3,0,2,7,1,12,basic,mobile,CL,1
6,175.9,0.506,56,2,0.965,28,0,1,7,1,9,pro,desktop,AR,0
39,574.11,0.512,0,1,0.561,7,0,0,8,0,3,basic,mobile,CL,0
59,359.61,0.995,35,0,0.591,25,1,1,10,2,37,free,mobile,AR,1
1,25.41,0.295,2,14,0.651,16,0,1,9,2,32,basic,desktop,AR,0
39,705.13,0.677,34,7,0.884,17,0,1,0,0,27,basic,mobile,MX,0
8,197.04,0.401,23,5,0.507,6,0,0,8,1,27,pro,mobile,AR,1
39,766.81,0.782,18,12,0.405,21,0,1,0,0,3,pro,mobile,AR,0
37,767.8,0.66,53,3,1.0,19,0,3,4,0,18,free,mobile,CO,0
5,100.89,0.676,42,10,0.747,14,1,3,7,1,38,free,mobile,CO,1
40,887.4,0.411,34,9,0.768,13,0,2,3,1,13,free,mobile,MX,1
53,1678.22,0.447,52,13,0.669,17,0,1,8,2,2,basic,desktop,AR,0
51,1215.13,0.785,5,12,0.77,14,2,3,9,2,37,pro,desktop,MX,0
1,8.52,0.954,38,13,0.473,29,1,0,7,1,1,basic,mobile,CO,0
14,289.52,0.696,9,4,0.574,1,1,1,6,3,30,pro,desktop,AR,0
14,347.88,0.421,13,2,0.716,7,1,2,11,3,37,basic,mobile,AR,0
27,680.84,0.668,11,10,0.359,25,0,3,7,1,33,basic,mobile,CL,0
8,123.52,1.0,32,1,0.655,23,0,0,2,0,0,pro,mobile,CL,0
51,1274.47,0.62,37,9,0.645,10,0,2,7,0,40,free,mobile,AR,0
46,1084.06,0.892,45,12,0.655,15,1,1,5,1,3,basic,mobile,AR,0
48,1604.89,0.452,26,16,0.617,0,0,1,0,0,38,free,mobile,CL,0
11,148.5,0.592,56,13,0.551,5,0,1,10,4,0,free,mobile,MX,1
0,0.0,0.724,22,19,0.427,28,0,2,9,1,22,basic,mobile,MX,1
54,872.82,0.679,9,11,0.722,19,0,3,7,1,39,free,mobile,UY,0
17,256.0,0.447,2,8,0.655,1,0,3,8,2,11,basic,mobile,AR,1
39,493.74,0.438,7,4,0.494,23,0,2,6,2,2,free,mobile,CO,1
54,162.0,0.798,26,13,0.709,12,0,4,4,0,3,basic,desktop,AR,0
2,30.78,0.838,24,16,0.656,17,0,1,11,5,16,free,mobile,CO,0
0,0.0,0.902,51,6,0.631,25,0,2,6,1,16,pro,mobile,CO,1
0,0.0,0.961,7,1,0.376,25,0,2,4,0,9,basic,mobile,MX,0
9,266.51,0.627,15,0,0.802,4,1,1,8,1,20,pro,mobile,MX,0
3,54.24,0.538,58,12,0.515,10,1,5,1,0,15,basic,desktop,MX,1
49,1261.56,0.87,1,13,0.709,8,0,2,3,1,26,free,desktop,CO,1
36,704.47,0.743,25,2,0.579,27,1,0,1,0,13,basic,mobile,AR,1
58,1331.59,0.404,11,0,0.642,23,0,3,1,0,14,free,mobile,AR,0
48,944.42,0.393,32,13,0.873,19,0,3,9,2,39,basic,mobile,PE,0
57,1494.12,0.698,58,7,0.78,1,0,0,5,1,35,basic,desktop,MX,0
14,256.7,0.565,13,8,0.87,24,0,3,10,2,34,pro,desktop,AR,1
17,356.6,0.595,22,5,0.75,16,0,0,7,2,17,pro,mobile,UY,1
50,1009.9,0.815,26,14,0.759,8,0,2,2,0,39,free,tablet,UY,1
14,227.78,0.752,47,14,0.433,13,0,0,2,0,15,basic,mobile,CL,0
3,61.29,0.866,59,1,0.652,13,0,0,5,0,32,basic,tablet,MX,1
40,1256.25,0.214,5,1,0.666,8,2,4,1,0,33,pro,mobile,AR,0
48,786.13,0.651,29,11,0.884,27,0,1,7,1,14,pro,mobile,CL,0
58,1189.97,0.739,45,12,0.624,27,0,3,5,1,27,basic,mobile,UY,0
55,1405.07,0.295,0,2,0.74,1,0,1,1,0,8,free,mobile,AR,0
7,173.89,0.469,48,3,0.734,28,1,3,6,1,17,pro,desktop,AR,1
46,831.23,0.432,14,13,0.874,12,0,3,10,1,23,basic,mobile,PE,0
50,184.98,0.604,31,9,0.68,23,1,1,10,1,29,pro,mobile,AR,0
41,865.11,0.926,58,2,0.824,23,0,1,5,1,16,basic,mobile,UY,0
49,229.47,1.0,38,12,0.444,17,1,3,0,0,32,pro,tablet,AR,1
50,1340.98,0.437,59,1,0.458,22,0,2,10,2,28,free,tablet,AR,1
26,494.44,0.705,36,4,0.357,20,1,0,6,1,38,basic,mobile,UY,1
2,48.0,0.712,12,14,0.818,25,0,1,9,2,1,free,mobile,AR,0
27,339.86,0.678,41,4,0.801,12,0,0,0,0,23,basic,mobile,MX,1
12,104.22,0.68,36,1,0.835,22,0,2,3,0,32,pro,mobile,AR,1
6,117.39,0.661,18,19,0.598,29,0,2,3,1,18,basic,tablet,CO,1
7,124.59,0.938,4,4,0.615,28,0,1,8,1,13,basic,desktop,AR,0
41,617.08,0.82,38,10,0.682,4,0,0,8,2,26,free,desktop,CO,0
30,555.24,0.388,34,16,0.917,14,0,2,8,0,20,free,mobile,UY,1
32,1107.35,0.759,46,19,0.954,15,0,4,4,1,19,basic,desktop,AR,0
44,1012.31,0.778,7,16,0.819,18,1,4,3,1,44,basic,tablet,AR,0
32,777.5,0.663,32,6,0.75,19,0,3,2,0,19,free,tablet,CO,1
37,853.35,0.826,49,17,0.9,25,1,2,3,0,9,basic,mobile,UY,0
5,134.38,0.638,53,0,0.662,15,0,0,1,0,0,basic,mobile,AR,1
51,859.84,0.64,56,6,0.641,21,0,2,9,1,5,free,tablet,UY,0
26,147.46,0.624,12,3,0.681,26,0,2,8,2,24,free,mobile,PE,0
9,151.82,0.196,10,10,0.553,3,1,1,8,1,9,basic,mobile,CO,1
48,1097.78,0.584,34,17,0.674,19,1,2,10,1,4,basic,mobile,AR,0
44,535.97,0.466,27,15,0.532,11,0,1,8,0,15,pro,mobile,MX,1
3,50.83,0.363,14,19,0.854,27,0,0,3,1,10,basic,desktop,CO,0
11,152.34,0.887,6,2,0.782,16,0,1,3,0,24,free,desktop,MX,0
0,0.0,0.701,8,15,0.914,18,0,3,1,0,2,pro,desktop,AR,0
16,359.95,0.594,20,14,0.456,22,0,3,8,1,44,free,mobile,MX,1
5,109.55,0.487,44,9,0.985,7,0,0,10,2,41,basic,tablet,PE,0
42,912.64,0.659,3,1,0.464,16,2,4,8,1,39,basic,mobile,CL,0
31,551.07,0.798,6,2,0.52,23,1,2,5,0,7,pro,mobile,MX,0
58,1112.75,0.435,15,18,0.607,23,0,0,3,1,32,basic,mobile,AR,0
44,479.11,0.599,52,5,0.896,6,0,3,5,1,0,free,desktop,AR,0
36,175.73,0.774,59,12,0.734,25,0,0,3,0,32,basic,desktop,AR,0
30,567.01,0.213,26,18,0.663,4,0,3,1,0,35,free,desktop,CL,1
3,59.83,0.588,2,9,0.581,7,0,3,5,1,12,free,desktop,MX,0
4,101.02,0.514,0,4,0.494,25,1,1,2,0,20,basic,mobile,CO,0
36,987.41,0.573,51,9,0.87,18,1,1,8,2,41,basic,desktop,AR,1
0,0.0,0.5,26,4,0.82,16,0,1,10,2,8,pro,mobile,AR,1
2,24.02,0.628,4,3,0.903,16,0,2,2,0,24,free,desktop,CO,1
13,206.52,0.985,50,16,0.76,29,0,1,0,0,13,basic,desktop,AR,0
53,1106.75,0.535,31,6,0.304,6,0,3,10,0,7,pro,mobile,UY,0
27,896.17,0.658,20,13,0.513,8,1,1,3,1,30,basic,mobile,MX,0
42,1128.98,0.999,27,14,0.77,14,0,3,3,1,42,basic,mobile,UY,0
24,593.19,0.49,13,10,0.645,25,1,1,10,2,25,pro,desktop,CO,0
10,156.73,0.963,55,10,0.616,16,1,2,10,0,22,basic,mobile,UY,1
22,279.42,0.601,47,3,0.535,21,0,1,6,1,24,basic,mobile,MX,1
5,113.67,0.956,11,10,0.842,24,0,2,1,0,6,pro,desktop,AR,0
46,524.22,0.75,44,15,0.768,26,0,0,8,2,9,free,mobile,CO,0
11,182.26,0.661,10,3,0.775,13,0,1,8,1,33,free,mobile,AR,0
22,380.85,0.587,27,4,0.605,13,0,5,5,1,26,basic,desktop,MX,1
58,1598.33,0.475,44,13,0.726,2,1,3,6,0,10,free,mobile,AR,0
35,555.51,0.615,2,19,0.499,2,0,3,6,1,0,free,mobile,CO,0
27,90.84,0.779,43,7,0.681,14,0,4,7,1,8,free,desktop,CO,1
32,672.85,0.597,13,16,0.321,22,0,4,6,3,22,basic,mobile,PE,0
47,648.88,0.537,41,3,0.465,25,0,1,11,3,12,basic,mobile,AR,0
15,273.84,0.55,29,11,0.652,12,0,1,0,0,32,pro,mobile,UY,1
38,664.23,0.798,1,18,1.0,17,0,1,0,0,26,free,desktop,CO,0
52,850.6,0.845,45,8,0.43,24,0,0,1,0,6,basic,mobile,AR,0
34,773.23,0.467,15,10,0.513,9,0,0,1,0,13,free,desktop,AR,0
26,228.87,0.466,57,3,0.733,4,1,2,5,1,1,free,desktop,AR,1
8,119.18,0.676,50,10,0.965,27,2,0,0,0,1,basic,mobile,AR,1
14,309.46,0.906,11,11,0.73,16,0,0,2,0,33,free,mobile,MX,0
56,801.67,0.829,36,19,0.805,4,0,0,6,1,17,basic,mobile,AR,0
32,267.11,0.35,21,4,0.649,7,1,2,10,2,39,basic,desktop,CL,0
18,396.2,0.547,36,7,0.623,9,0,1,9,1,10,basic,mobile,MX,0
25,618.46,0.414,33,12,0.712,6,0,2,2,0,14,basic,desktop,CL,0
34,602.82,0.546,17,18,0.601,13,1,0,0,0,23,pro,desktop,PE,0
32,199.52,0.921,39,4,0.809,24,1,1,8,0,12,free,mobile,AR,0
41,911.67,0.315,15,13,0.459,22,0,0,9,3,20,pro,desktop,MX,0
15,120.61,0.276,54,17,0.833,27,0,2,11,1,5,free,mobile,PE,1
38,754.41,0.434,56,12,0.706,25,0,1,5,0,3,basic,desktop,AR,0
26,329.56,0.657,9,8,0.668,9,0,2,0,0,38,pro,mobile,CL,0
56,618.29,0.724,43,4,0.454,1,0,4,11,3,11,free,mobile,PE,1
9,138.14,0.687,55,5,0.553,4,1,2,3,1,4,pro,desktop,CL,1
8,135.2,0.835,7,1,0.88,23,0,1,4,0,12,basic,mobile,PE,0
27,381.64,0.247,44,3,0.669,10,0,2,4,0,18,pro,desktop,UY,1
30,645.97,0.838,56,8,0.742,21,0,0,11,1,21,free,desktop,AR,1
41,628.27,0.538,13,2,0.568,13,0,3,4,0,34,basic,desktop,CO,1
24,573.15,0.746,34,0,0.696,26,1,0,6,0,36,free,mobile,MX,0
54,1063.1,0.335,47,13,0.494,15,1,1,6,1,13,free,desktop,UY,1
28,386.81,0.601,20,1,0.715,27,0,0,11,0,9,basic,desktop,MX,1
7,89.63,0.647,14,2,0.756,7,1,2,11,3,5,basic,mobile,CO,0
7,56.81,0.831,23,11,0.748,23,0,1,7,2,7,basic,mobile,AR,0
58,1145.18,0.283,20,18,0.564,15,0,2,1,0,1,basic,desktop,MX,0
8,126.98,0.606,43,14,0.649,5,1,2,4,0,0,pro,mobile,CO,1
56,210.94,0.383,22,0,0.781,7,1,2,7,1,18,basic,mobile,UY,0
16,236.57,0.701,22,3,0.668,9,0,2,9,1,27,free,tablet,AR,1
5,62.97,0.755,56,14,0.657,4,0,3,9,2,36,pro,mobile,AR,1
18,494.17,0.857,34,14,0.986,28,1,1,5,1,14,basic,tablet,UY,0
36,280.2,0.493,55,7,0.557,6,1,0,8,2,13,free,mobile,MX,1
25,233.8,0.785,42,18,0.862,17,1,1,3,1,30,basic,mobile,AR,1
47,1159.01,0.872,53,17,0.527,17,0,1,7,1,28,free,mobile,CL,0
36,941.06,0.271,11,14,0.798,16,1,0,5,0,31,pro,mobile,PE,0
24,324.72,0.722,56,14,0.806,18,1,2,8,0,7,free,desktop,UY,0
38,539.88,0.792,56,15,0.623,27,0,1,10,3,2,basic,desktop,AR,0
58,1258.45,0.548,2,2,0.517,29,0,0,9,2,24,basic,desktop,CO,0
24,96.9,0.358,21,14,0.404,26,2,3,8,1,18,pro,mobile,CL,1
9,61.5,0.789,24,18,0.608,13,1,2,9,2,11,basic,tablet,AR,0
24,391.57,0.36,25,4,0.779,21,0,0,2,0,43,pro,desktop,CO,1
50,1364.97,0.564,46,0,0.538,5,0,0,2,0,7,basic,mobile,AR,0
13,200.01,0.592,41,7,0.715,26,0,2,10,1,12,free,mobile,CL,1
56,1041.91,0.743,12,5,0.479,5,0,0,6,2,33,basic,mobile,AR,0
35,868.1,0.475,36,18,0.665,3,0,0,5,0,23,basic,mobile,AR,0
36,1103.09,0.463,58,8,0.528,24,0,4,7,0,10,free,desktop,AR,0
19,276.24,0.62,26,13,0.688,22,0,2,0,0,24,basic,tablet,UY,0
55,984.44,0.801,55,19,0.625,4,0,2,1,0,18,free,mobile,CL,0
2,57.86,1.0,38,15,0.521,28,2,3,1,0,11,pro,mobile,MX,0
17,150.74,0.299,55,14,0.601,3,1,0,6,1,30,basic,mobile,AR,1
25,604.14,0.663,54,19,0.56,1,0,1,0,0,35,free,desktop,PE,1
28,332.92,0.383,1,13,0.503,28,0,1,0,0,3,basic,desktop,MX,0
28,521.22,0.804,48,4,0.862,6,0,3,8,1,0,pro,mobile,UY,1
8,132.35,0.412,11,14,0.646,7,1,3,8,2,40,pro,mobile,AR,0
13,159.28,0.465,49,6,0.37,23,0,0,3,1,10,pro,tablet,MX,1
5,60.51,0.482,48,6,0.607,18,0,2,8,0,3,pro,mobile,AR,1
34,668.39,0.585,15,12,0.837,15,0,1,1,0,26,free,mobile,AR,1
21,503.44,0.665,3,6,0.586,29,0,1,4,0,14,basic,desktop,MX,0
33,568.31,0.697,25,0,0.925,2,0,0,4,0,41,basic,tablet,CO,0
35,644.72,0.599,18,19,0.572,27,0,3,4,1,43,pro,desktop,AR,0
42,899.94,0.334,33,11,0.776,8,1,0,10,2,0,free,desktop,CO,0
32,389.45,0.746,4,13,0.855,18,0,1,0,0,8,basic,desktop,MX,0
38,852.65,0.589,2,16,0.768,9,0,3,7,1,27,free,mobile,CL,0
35,802.06,0.832,26,12,0.494,8,0,5,3,0,15,pro,desktop,CO,0
39,1311.25,0.458,46,12,0.559,9,0,3,5,0,0,free,desktop,MX,1
36,566.76,0.28,18,15,0.876,16,0,1,2,0,20,pro,mobile,UY,0
18,274.53,0.593,19,5,0.579,26,1,1,8,0,28,pro,desktop,CO,0
14,316.59,0.859,9,16,0.846,3,1,1,0,0,44,free,mobile,PE,0
47,1076.99,0.632,16,14,0.635,19,0,2,0,0,18,pro,desktop,AR,0
20,295.79,0.56,17,3,0.721,25,0,0,3,1,35,free,mobile,CO,1
32,498.59,0.426,15,2,0.492,22,0,1,10,1,19,basic,mobile,UY,0
11,233.71,0.952,20,17,0.609,29,0,1,0,0,30,free,desktop,AR,0
25,325.86,0.394,17,17,0.569,0,0,4,2,0,43,basic,mobile,CL,0
31,481.64,0.455,40,19,0.734,10,0,2,5,0,36,free,mobile,PE,1
37,685.89,0.714,20,2,0.714,12,0,1,0,0,30,basic,mobile,AR,0
31,743.24,0.229,45,17,0.769,16,0,2,6,0,37,pro,desktop,CL,0
21,301.82,0.855,36,17,0.626,9,1,2,4,1,8,basic,tablet,CO,1
57,395.9,0.725,38,15,0.56,7,0,0,7,1,35,free,desktop,PE,1
30,195.01,0.78,35,9,0.727,25,0,4,0,0,44,free,mobile,AR,1
48,501.29,0.712,55,10,0.546,6,0,2,2,0,43,free,desktop,AR,1
44,445.32,0.568,15,8,0.862,28,1,2,2,1,11,pro,desktop,AR,0
33,563.39,0.387,58,0,0.683,1,0,0,8,1,19,basic,mobile,AR,0
53,575.94,0.572,12,10,0.651,12,1,0,8,0,30,basic,mobile,AR,0
7,96.48,0.405,8,4,0.769,18,0,3,1,0,3,pro,mobile,CO,1
55,734.55,0.697,49,4,0.689,29,2,3,4,1,30,free,mobile,PE,0
51,783.2,0.761,53,1,0.451,22,0,4,8,1,12,basic,desktop,UY,0
30,778.05,0.895,5,9,0.541,0,0,1,0,0,38,pro,mobile,UY,0
44,966.75,0.674,35,0,0.859,22,0,4,1,0,27,basic,mobile,UY,0
31,561.0,0.785,30,16,0.713,9,0,3,7,1,17,free,mobile,AR,0
16,243.74,0.541,13,17,0.448,25,0,0,6,0,2,pro,desktop,AR,0
47,723.83,0.504,31,16,0.753,23,0,2,8,2,31,pro,mobile,AR,0
14,279.53,0.695,41,6,0.616,5,1,2,5,1,24,pro,mobile,MX,1
18,387.09,0.523,34,3,0.569,10,1,2,10,3,28,pro,mobile,UY,0
31,389.18,0.654,31,10,0.528,24,0,0,1,0,0,pro,mobile,AR,0
50,910.94,0.388,53,13,0.85,27,0,1,1,0,19,basic,mobile,MX,0
23,133.64,0.424,13,0,0.405,18,0,0,7,1,34,free,mobile,MX,0
29,558.84,0.727,37,17,0.574,6,0,2,10,2,41,pro,mobile,AR,1
2,45.15,0.777,18,8,0.718,11,1,2,0,0,15,free,mobile,PE,0
6,97.92,0.403,58,16,0.937,23,0,3,8,2,11,pro,mobile,AR,1
3,86.7,0.734,15,1,0.783,17,0,3,11,2,31,basic,mobile,CL,1
4,50.85,0.493,52,8,0.573,6,1,3,6,1,10,basic,desktop,UY,1
52,1003.84,0.603,37,9,0.929,8,0,0,9,1,39,pro,mobile,AR,0
50,889.25,0.883,12,0,0.497,5,0,2,3,1,28,pro,desktop,AR,0
49,852.51,0.761,45,14,0.74,14,1,1,9,0,41,free,mobile,CO,0
3,51.94,0.759,14,18,0.773,13,0,2,5,1,8,basic,desktop,CL,0
4,74.57,0.982,15,10,0.568,16,0,0,3,0,3,free,mobile,MX,0
16,369.4,0.459,20,7,0.805,28,0,1,2,0,37,free,desktop,CL,0
33,866.79,0.403,40,12,0.623,19,0,2,10,2,13,basic,mobile,AR,1
20,359.73,0.456,23,7,0.804,17,1,1,8,0,15,pro,mobile,AR,1
29,663.86,0.549,34,7,0.424,10,0,3,9,3,12,pro,desktop,PE,1
10,137.89,0.129,33,15,0.75,19,0,0,8,0,18,basic,mobile,AR,0
43,971.62,0.559,11,11,0.638,28,0,1,3,0,40,pro,mobile,UY,0
18,241.7,0.491,13,5,0.872,0,0,1,2,0,30,free,mobile,AR,1
3,73.63,0.757,18,8,0.693,10,1,1,7,1,3,free,tablet,PE,1
44,1375.61,0.67,13,16,0.887,1,0,1,3,1,39,basic,desktop,UY,0
54,932.44,0.48,55,10,0.776,6,2,0,7,1,19,pro,desktop,AR,0
0,0.0,0.718,22,1,0.681,2,0,0,10,3,31,basic,mobile,MX,1
26,382.5,0.745,24,17,0.818,17,2,0,8,1,16,free,mobile,CO,0
49,1244.17,0.446,40,14,0.819,24,1,2,5,1,4,basic,desktop,MX,0
42,895.38,0.501,47,5,0.771,28,0,2,10,1,18,free,mobile,PE,0
51,994.17,0.155,41,19,0.356,7,0,1,6,1,15,pro,mobile,AR,1
24,577.25,0.382,33,19,0.553,20,0,4,5,1,0,free,desktop,UY,0
22,459.95,0.452,58,19,0.908,9,0,4,11,0,33,basic,mobile,MX,1
42,1062.87,0.615,53,7,0.512,9,0,0,4,1,38,basic,desktop,AR,1
9,211.65,0.411,12,18,0.832,18,0,0,2,0,40,free,desktop,MX,1
14,379.82,0.497,9,16,0.806,20,1,1,1,0,10,basic,desktop,AR,0
36,725.5,0.355,23,17,0.591,17,0,2,7,1,28,basic,desktop,CL,0
40,937.26,0.634,50,10,0.401,2,0,1,6,1,23,free,mobile,AR,1
7,113.1,0.685,57,5,0.615,12,0,2,9,1,26,basic,desktop,PE,1
30,431.74,0.68,42,4,1.0,8,0,4,1,0,35,pro,desktop,AR,0
21,593.05,0.602,41,19,0.571,0,0,0,3,0,17,free,desktop,CL,1
30,578.92,0.292,14,10,0.581,1,0,1,1,0,12,free,desktop,PE,1
57,1301.27,0.476,35,18,0.55,13,1,2,3,1,21,basic,tablet,PE,0
4,74.97,0.519,11,11,0.882,3,0,3,11,0,29,basic,desktop,CO,1
59,854.37,0.519,32,10,0.664,22,1,1,10,4,19,pro,desktop,AR,1
26,469.71,0.615,11,1,0.606,1,0,2,5,1,13,free,mobile,PE,0
46,1224.33,0.885,4,8,0.912,7,0,3,1,0,2,pro,tablet,AR,0
25,533.29,0.762,58,11,0.787,29,0,2,11,2,25,basic,desktop,CL,1
18,139.16,0.402,53,2,0.562,21,0,0,1,0,0,free,mobile,PE,1
46,768.59,0.736,41,3,0.516,16,1,4,1,0,21,basic,mobile,AR,0
41,1176.44,0.728,37,11,0.874,0,1,2,4,1,27,basic,mobile,AR,1
8,133.74,0.439,14,4,0.703,1,1,2,11,1,20,free,desktop,MX,0
42,302.28,0.77,34,14,0.468,27,0,3,9,1,22,free,mobile,CL,1
45,1321.12,0.568,44,9,0.433,23,0,0,4,0,12,free,mobile,AR,1
23,508.17,0.318,32,8,0.533,28,0,2,5,1,11,basic,mobile,CO,0
55,966.9,0.691,16,2,0.514,24,0,1,0,0,38,free,mobile,PE,0
38,599.32,0.643,23,8,0.393,0,0,2,3,0,40,free,tablet,UY,0
20,489.88,0.554,50,10,0.535,24,0,2,8,3,7,free,mobile,AR,1
0,0.0,0.593,15,11,0.562,13,0,1,5,0,9,basic,mobile,MX,1
40,995.58,0.456,57,5,0.631,20,0,0,11,2,16,pro,desktop,PE,0
12,255.04,0.722,45,0,0.954,12,0,2,5,0,31,free,mobile,AR,0
45,876.06,0.591,53,18,0.66,21,0,2,10,1,2,pro,mobile,CL,0
31,585.07,0.633,30,19,0.675,25,0,3,8,0,35,basic,mobile,AR,0
28,474.61,0.671,13,18,0.776,29,0,1,6,1,0,pro,desktop,AR,0
9,218.46,0.369,2,5,0.664,16,0,2,10,2,37,basic,desktop,AR,1
42,537.93,0.421,32,12,0.76,8,0,2,10,0,1,basic,desktop,CO,0
9,74.42,0.158,23,2,0.742,18,0,0,3,1,37,pro,mobile,MX,1
25,542.17,0.713,6,18,0.718,14,2,1,3,1,42,basic,mobile,AR,0
50,1089.37,0.358,55,0,1.0,6,0,0,8,2,35,pro,mobile,MX,1
55,1148.48,0.627,58,9,0.837,21,0,0,0,0,44,pro,mobile,AR,0
59,1206.34,0.674,22,17,0.538,2,0,2,8,1,20,basic,mobile,AR,0
57,916.38,0.72,40,14,0.756,12,0,1,5,1,28,basic,mobile,PE,0
33,749.92,0.359,24,17,0.581,20,0,0,9,0,28,basic,desktop,CL,1
12,212.72,0.587,29,9,0.767,27,0,3,1,0,0,basic,desktop,CO,0
50,753.87,0.934,37,1,0.494,18,0,1,6,0,38,basic,mobile,AR,0
48,774.18,0.943,24,0,0.534,29,0,2,6,1,31,basic,tablet,AR,0
59,1777.31,0.797,48,3,0.752,24,0,0,0,0,18,free,mobile,PE,0
39,296.02,0.667,11,1,0.85,7,2,2,6,1,9,pro,desktop,AR,0
8,167.99,0.399,40,8,0.775,25,1,0,7,0,30,free,mobile,AR,1
30,237.76,0.744,58,1,0.828,10,0,1,4,0,44,free,desktop,CO,0
26,451.12,0.568,51,3,0.756,18,0,1,7,1,7,free,mobile,MX,0
50,769.91,0.712,2,8,0.726,6,1,0,3,1,41,free,tablet,PE,0
23,126.27,0.473,6,14,0.624,16,0,1,7,1,25,basic,desktop,UY,0
19,386.35,0.565,37,13,0.822,20,0,1,2,0,35,free,mobile,AR,1
4,62.88,0.633,55,1,0.854,27,0,1,3,1,6,free,mobile,AR,1
50,270.24,0.649,50,18,0.691,28,0,1,0,0,4,free,desktop,MX,1
45,1036.68,0.699,54,10,0.682,24,1,1,1,0,29,free,mobile,AR,0
2,53.22,0.484,8,6,0.939,16,0,2,1,0,12,pro,mobile,MX,0
26,700.46,0.331,31,7,0.697,26,0,0,2,0,16,basic,desktop,AR,0
28,564.3,0.925,43,16,0.711,3,0,0,8,1,28,free,mobile,PE,0
28,511.74,1.0,37,9,0.773,29,0,1,2,0,10,basic,mobile,PE,0
55,1428.29,0.689,46,4,0.685,6,0,3,4,1,15,basic,mobile,AR,0
9,252.85,0.335,12,8,0.577,12,0,0,2,0,16,basic,mobile,AR,1
18,446.43,0.445,27,1,0.757,27,0,0,5,0,15,free,mobile,UY,0
10,123.51,0.702,26,3,0.694,21,2,0,2,0,31,basic,mobile,AR,0
14,268.91,0.868,56,6,0.976,25,0,1,3,0,6,free,tablet,AR,0
54,1114.4,0.357,12,4,0.818,20,0,0,0,0,40,free,mobile,AR,1
56,399.97,0.575,19,6,0.611,18,2,0,6,1,32,pro,desktop,AR,0
2,41.63,0.639,1,1,0.809,5,1,1,3,0,0,basic,desktop,AR,0
37,1170.6,0.773,9,12,0.746,29,0,2,7,1,25,free,desktop,AR,0
13,283.92,0.531,58,2,0.896,19,0,2,11,1,7,free,mobile,AR,1
11,295.25,0.287,50,4,0.621,20,0,1,5,1,6,basic,mobile,CO,0
17,324.66,0.724,15,19,0.728,12,0,1,6,1,31,free,mobile,AR,0
11,193.17,0.825,42,0,0.685,28,0,4,9,0,11,basic,desktop,CO,1
29,588.34,0.583,35,5,0.709,13,2,2,4,1,25,free,desktop,MX,1
59,773.2,0.681,54,10,0.567,5,0,1,1,0,12,free,mobile,CL,1
35,427.61,0.505,18,6,0.786,5,0,0,8,0,14,basic,desktop,UY,1
43,1100.71,0.431,59,6,0.763,20,0,1,7,0,30,free,mobile,AR,1
29,760.79,0.805,22,2,0.893,22,1,1,5,1,29,basic,mobile,AR,1
0,0.0,0.677,43,8,0.698,6,0,1,4,0,0,free,mobile,MX,1
5,119.04,0.698,23,15,0.638,20,1,0,0,0,39,pro,mobile,AR,1
16,279.65,0.9,40,11,0.818,29,0,3,6,0,26,basic,tablet,AR,1
14,280.54,0.389,20,18,0.581,15,0,1,6,1,11,free,desktop,PE,0
50,1038.07,0.49,50,13,0.863,29,1,3,6,0,5,free,mobile,PE,0
50,1198.31,0.632,38,15,0.862,4,0,2,3,0,21,basic,mobile,CL,0
51,943.31,0.487,17,8,0.889,12,0,3,1,0,31,basic,desktop,CL,0
38,1005.52,0.757,57,12,0.756,16,0,2,6,2,0,basic,desktop,MX,1
33,655.26,0.563,42,11,0.627,10,0,1,7,0,13,free,mobile,AR,0
38,826.31,0.401,25,16,0.716,3,0,1,2,0,42,basic,mobile,AR,0
24,312.01,0.613,8,10,0.757,13,0,1,1,0,4,free,desktop,MX,0
40,1238.08,0.634,58,8,0.616,10,0,3,5,1,36,free,mobile,AR,0
47,978.49,0.787,45,1,0.9,6,0,1,0,0,10,free,mobile,AR,0
45,1002.51,0.679,40,17,0.787,11,0,1,2,1,22,pro,mobile,MX,0
36,300.63,0.692,49,8,0.566,12,0,4,7,0,34,basic,mobile,MX,0
3,39.19,0.664,36,15,0.982,26,0,1,3,0,44,free,mobile,AR,1
43,1093.37,0.562,13,13,0.715,14,0,0,5,2,27,free,mobile,PE,0
21,414.15,0.457,14,0,0.536,12,0,4,8,1,9,basic,mobile,CO,0
44,286.76,0.658,4,13,0.575,11,0,0,2,0,3,basic,mobile,MX,0
32,775.35,0.533,3,9,0.923,17,0,1,2,0,33,basic,tablet,AR,0
52,766.34,0.938,43,4,0.974,8,0,3,3,1,26,basic,mobile,MX,0
20,529.36,0.868,51,5,0.851,26,0,5,5,1,34,basic,mobile,MX,0
55,961.01,0.727,9,12,0.898,12,0,2,6,1,44,basic,desktop,MX,0
50,961.41,0.676,34,1,0.882,12,0,1,0,0,37,pro,tablet,MX,0
19,476.4,0.582,7,12,0.784,1,0,0,5,1,22,pro,desktop,AR,0
28,353.22,0.348,24,16,0.749,26,0,0,8,1,30,basic,mobile,AR,1
31,373.33,0.557,47,1,0.781,14,0,4,10,0,28,basic,desktop,PE,0
46,773.77,0.62,48,0,0.81,4,0,2,6,2,8,free,desktop,AR,1
41,941.48,0.646,56,1,0.589,5,0,2,7,1,13,free,desktop,MX,0
51,510.75,0.694,18,14,0.81,10,1,1,9,1,4,free,mobile,PE,0
22,175.82,0.784,56,16,0.919,23,1,2,8,1,16,pro,mobile,AR,1
30,688.27,0.462,47,19,0.669,2,1,2,6,1,8,pro,mobile,UY,0
25,359.55,0.463,20,0,0.653,3,0,3,6,1,40,basic,desktop,PE,1
54,844.92,0.89,19,9,0.771,16,0,0,11,1,38,basic,mobile,CO,0
18,123.46,0.754,6,0,0.603,14,0,1,9,2,32,free,mobile,CO,0
35,487.41,0.522,55,7,0.502,28,0,1,2,0,18,pro,desktop,PE,1
7,125.68,0.579,12,6,0.872,22,0,4,5,1,0,free,desktop,AR,0
51,1202.7,0.579,16,12,0.632,19,1,1,8,1,24,pro,desktop,MX,0
23,307.57,0.606,24,18,0.703,10,2,1,6,2,1,free,desktop,AR,0
20,558.89,0.695,8,16,0.608,18,0,0,5,1,1,free,mobile,PE,0
34,472.35,1.0,48,1,0.892,17,0,1,7,0,6,basic,desktop,MX,1
29,403.14,0.638,41,4,0.828,8,1,3,4,1,22,free,mobile,CO,1
50,1361.21,0.733,9,5,0.664,11,0,0,8,1,33,free,mobile,AR,0
31,597.33,0.263,9,5,0.523,27,0,0,8,2,18,basic,mobile,AR,1
31,455.32,0.503,1,7,0.648,16,0,0,10,0,34,basic,desktop,PE,0
6,102.42,0.846,56,12,0.786,14,1,1,11,1,24,free,mobile,AR,0
1,26.12,0.68,26,14,0.728,23,0,2,8,2,40,basic,mobile,MX,1
23,616.34,0.0,39,18,0.716,8,0,2,9,1,16,basic,mobile,CO,1
59,772.86,0.735,8,14,0.732,6,0,2,9,2,13,free,desktop,AR,0
55,976.0,0.984,13,5,0.814,29,0,0,3,0,3,basic,desktop,AR,0
37,686.01,0.201,32,3,0.694,24,0,4,10,2,9,basic,mobile,AR,1
37,447.05,0.904,12,7,0.768,12,0,2,6,1,1,pro,mobile,PE,0
23,406.32,0.046,36,15,0.552,28,0,0,10,2,7,basic,desktop,AR,1
10,180.32,0.788,55,19,1.0,11,0,1,2,1,42,basic,mobile,AR,0
0,0.0,0.598,18,7,0.657,20,0,1,3,1,24,basic,mobile,UY,1
20,504.89,0.13,36,3,0.731,1,0,1,7,2,27,basic,mobile,PE,1
18,288.45,0.689,54,0,0.785,20,2,1,6,1,17,pro,desktop,MX,1
11,183.88,0.83,53,1,0.638,5,0,1,4,0,28,basic,desktop,MX,1
15,329.79,0.673,0,12,0.701,7,0,4,2,0,25,free,mobile,PE,0
1,14.49,0.717,6,11,0.699,24,2,1,2,0,41,pro,desktop,UY,0
36,775.15,0.518,59,12,0.563,6,0,0,8,0,35,basic,mobile,PE,0
55,960.99,0.228,55,0,0.766,14,0,0,0,0,24,basic,desktop,MX,0
41,499.53,0.738,19,8,0.453,27,0,1,1,0,35,basic,mobile,CO,0
26,318.73,0.95,31,3,0.963,28,3,0,11,0,27,free,mobile,CO,1
25,667.06,0.826,34,6,0.819,13,0,4,11,2,44,basic,mobile,CO,0
18,307.11,0.202,40,12,0.796,2,1,1,0,0,23,basic,mobile,CO,1
8,222.74,0.297,45,5,0.44,8,0,1,1,0,38,basic,mobile,AR,1
35,522.14,0.431,22,13,0.581,18,0,1,3,1,7,free,desktop,CO,0
33,651.66,0.281,53,5,0.908,10,0,1,7,0,7,pro,desktop,AR,1
0,0.0,0.609,3,10,1.0,21,0,0,2,1,14,basic,mobile,AR,0
24,279.74,0.679,1,9,0.879,29,1,0,11,0,37,basic,desktop,AR,0
16,105.81,0.314,57,7,0.856,18,0,0,5,1,39,free,desktop,AR,1
10,257.2,0.755,10,2,0.779,18,0,2,6,0,18,basic,desktop,CL,0
42,547.64,0.72,59,11,0.573,15,0,0,2,0,19,free,mobile,AR,0
31,554.15,0.49,17,19,0.849,5,0,3,3,1,22,basic,mobile,MX,1
38,550.41,0.565,21,12,0.535,17,0,1,8,1,9,basic,desktop,UY,1
42,823.58,0.21,1,14,0.518,27,1,3,7,0,24,basic,mobile,AR,1
58,713.21,0.534,56,16,0.509,20,0,1,2,0,37,pro,mobile,AR,1
48,812.18,0.601,21,0,0.846,22,0,1,5,1,33,free,mobile,AR,1
37,765.86,0.634,10,15,0.691,25,0,1,2,0,3,basic,mobile,CO,1
52,621.41,0.676,29,4,0.715,11,0,2,4,0,15,basic,mobile,AR,0
28,386.39,0.649,9,13,0.698,10,0,1,2,0,28,basic,mobile,AR,0
59,939.03,0.547,47,19,0.531,29,0,1,11,1,26,basic,mobile,AR,1
45,424.22,0.657,4,17,0.599,13,0,0,3,1,31,pro,mobile,AR,1
39,603.12,0.8,29,8,0.607,22,0,0,5,1,33,basic,mobile,CO,0
54,1010.49,0.581,23,16,0.489,19,0,1,7,0,13,free,mobile,CO,0
30,468.08,0.664,2,12,0.624,3,0,0,0,0,21,free,mobile,AR,1
43,703.98,0.563,3,2,0.538,9,0,1,2,0,7,pro,mobile,CL,0
17,303.97,0.471,31,4,0.787,9,0,4,11,2,32,free,mobile,MX,1
57,801.74,0.705,23,19,0.799,5,0,1,8,1,20,basic,desktop,UY,0
37,819.42,0.489,7,18,0.506,23,0,1,2,0,15,pro,mobile,CO,0
46,1224.33,0.677,8,17,0.656,28,0,1,5,1,33,pro,mobile,CO,0
27,410.77,0.606,48,7,0.978,28,1,2,10,0,42,free,mobile,UY,1
52,1087.38,0.539,43,6,0.553,5,0,0,2,0,39,basic,desktop,AR,0
4,66.25,0.534,36,16,0.764,13,0,1,3,0,6,basic,mobile,AR,1
6,121.16,0.498,50,0,0.716,6,0,0,2,0,36,pro,desktop,CO,1
30,821.84,0.271,4,17,0.864,1,2,2,7,0,25,basic,mobile,AR,0
43,905.23,0.677,41,12,0.744,18,0,4,6,1,4,basic,mobile,CL,0
48,353.26,0.646,45,12,0.635,25,1,2,6,1,17,free,mobile,CO,0
26,538.82,0.77,12,8,0.71,2,1,0,4,1,10,free,mobile,MX,0
38,965.09,0.494,32,19,0.712,19,1,0,3,0,11,basic,desktop,AR,0
33,550.12,0.979,46,14,0.686,1,0,4,6,1,27,basic,desktop,CL,0
57,1366.51,0.524,36,1,0.502,25,1,2,9,1,18,basic,mobile,AR,0
39,540.51,0.425,14,10,0.886,1,1,1,9,1,31,pro,mobile,AR,1
25,227.17,0.401,39,17,0.86,13,0,0,9,3,36,free,desktop,CL,1
58,1093.13,0.253,45,1,0.543,3,0,0,0,0,0,free,mobile,AR,0
6,44.77,0.907,0,14,0.655,12,0,1,5,0,37,basic,mobile,UY,0
59,977.12,0.874,34,4,0.666,12,1,0,4,0,6,basic,mobile,CL,0
9,231.49,0.72,30,10,0.527,16,0,3,11,2,0,basic,mobile,PE,1
17,111.2,0.421,22,17,0.42,24,0,5,4,1,4,basic,desktop,UY,1
49,505.83,0.962,2,9,0.599,29,0,2,2,0,2,free,mobile,CL,0
44,519.54,0.53,5,0,0.647,10,1,0,3,0,15,basic,desktop,CL,0
58,1021.96,0.546,45,0,0.484,27,0,1,2,0,37,pro,desktop,PE,0
44,695.45,0.887,49,14,0.727,12,0,1,5,1,30,pro,mobile,AR,0
38,1003.0,0.732,25,18,0.874,3,0,1,3,1,19,basic,mobile,CL,1
20,474.52,1.0,56,5,0.826,18,0,3,6,0,42,basic,mobile,AR,1
0,0.0,0.65,55,18,0.681,21,1,2,2,0,21,pro,mobile,CO,1
7,132.12,0.521,39,9,0.424,9,0,0,7,1,4,pro,mobile,PE,1
17,346.11,0.478,34,1,0.807,17,0,2,7,1,0,free,mobile,MX,0
2,25.66,0.231,57,10,0.722,12,0,0,8,1,22,basic,desktop,CL,1
30,694.3,0.544,36,19,0.764,4,1,6,10,1,10,pro,mobile,MX,0
46,521.08,0.829,56,5,0.99,11,0,1,0,0,16,pro,mobile,MX,1
57,1311.7,0.72,58,19,0.576,12,0,2,0,0,13,basic,mobile,MX,0
29,728.39,0.604,11,13,0.269,10,0,2,5,1,17,free,desktop,PE,0
52,1001.79,0.401,39,7,0.542,27,0,1,6,0,43,pro,mobile,AR,0
59,999.62,0.645,43,13,0.773,11,1,5,9,1,3,free,desktop,AR,0
51,1040.49,0.803,49,8,0.704,18,0,1,2,0,4,free,desktop,AR,0
27,81.0,0.686,20,1,0.518,0,0,2,5,1,12,basic,desktop,MX,0
19,376.46,0.633,51,17,0.487,9,1,1,7,1,33,basic,desktop,PE,1
58,1004.55,0.441,29,7,0.647,26,0,1,7,1,11,basic,desktop,AR,0
14,247.75,0.773,23,11,0.513,26,1,1,6,1,11,basic,mobile,CL,0
24,533.74,0.0,9,14,0.778,29,1,1,7,2,32,basic,desktop,UY,0
4,70.21,0.677,19,1,0.638,1,1,1,1,0,27,free,mobile,AR,0
47,524.46,1.0,58,14,0.606,25,0,5,5,0,28,free,mobile,PE,0
38,651.76,0.298,42,7,0.586,8,1,1,6,0,29,basic,desktop,UY,1
5,92.03,0.552,43,10,0.739,0,0,3,0,0,28,pro,mobile,CO,0
13,242.96,0.598,53,9,0.706,2,0,2,11,2,24,pro,mobile,AR,1
33,626.06,0.507,16,15,0.73,22,0,2,7,1,23,free,mobile,MX,0
32,775.56,0.807,39,3,0.727,17,0,2,8,1,34,basic,mobile,AR,1
48,551.22,0.694,22,2,0.689,17,1,1,6,1,15,pro,desktop,AR,0
15,285.81,0.63,50,8,0.545,26,0,2,11,2,14,free,desktop,AR,0
55,1415.68,0.759,25,2,0.59,2,1,0,0,0,10,basic,mobile,AR,0
26,197.4,0.603,51,4,0.641,2,0,1,11,0,37,basic,mobile,UY,1
49,934.82,1.0,44,13,1.0,27,0,1,2,0,0,basic,mobile,MX,0
14,202.83,0.63,46,16,0.498,18,0,2,10,1,9,free,desktop,AR,1
2,31.55,0.639,55,13,0.637,23,0,2,0,0,6,free,mobile,MX,1
3,37.71,0.258,47,6,0.715,15,0,3,3,0,16,free,desktop,MX,1
22,373.62,0.491,19,16,0.655,4,0,2,6,2,9,basic,mobile,AR,0
57,1655.71,0.829,31,8,0.861,15,0,2,7,0,22,free,mobile,AR,0
2,20.83,0.333,28,3,0.654,28,0,1,0,0,43,basic,mobile,MX,1
22,241.61,0.168,3,15,0.665,3,0,1,4,1,19,basic,mobile,PE,0
6,61.13,0.606,35,10,0.822,3,0,3,10,2,43,free,desktop,AR,0
55,1560.05,0.874,26,7,0.972,10,0,2,2,0,13,free,mobile,PE,0
40,609.04,0.608,23,13,0.911,13,0,2,11,3,34,free,desktop,MX,1
45,803.08,0.533,6,14,0.68,18,1,2,8,3,6,pro,mobile,CL,0
42,654.5,0.228,30,4,0.693,4,1,1,11,1,27,free,desktop,AR,0
39,481.01,0.69,34,2,0.707,28,0,3,10,2,33,basic,mobile,MX,0
46,763.1,0.732,6,10,0.722,4,0,2,2,1,30,basic,mobile,AR,0
0,0.0,0.244,38,1,0.573,6,0,0,11,1,42,free,mobile,AR,1
51,1343.97,0.827,10,12,0.84,29,0,0,5,1,27,pro,mobile,PE,0
44,566.82,0.753,8,8,0.731,11,1,2,3,0,26,basic,mobile,CL,0
44,962.96,0.826,24,4,0.693,17,2,5,10,2,29,basic,mobile,AR,0
23,299.25,0.717,23,11,0.509,13,0,4,5,0,15,free,mobile,AR,1
48,352.41,0.731,54,7,0.709,7,0,1,8,2,9,free,desktop,AR,0
22,530.58,0.704,4,7,0.416,15,0,1,7,1,40,free,desktop,PE,0
2,49.92,0.774,20,4,0.613,23,1,0,3,1,43,basic,desktop,AR,0
54,1310.92,0.236,44,13,0.616,0,0,1,11,0,41,pro,desktop,CL,1
14,212.53,0.3,14,18,0.743,26,0,3,10,0,34,basic,tablet,CO,1
6,102.0,0.453,58,12,0.982,5,1,1,6,2,10,free,mobile,AR,1
37,832.45,0.574,44,4,0.786,27,0,1,6,1,10,free,tablet,CL,0
14,284.89,0.678,56,16,0.917,28,0,1,0,0,13,basic,mobile,MX,0
51,797.55,0.665,56,2,0.797,27,0,1,8,1,23,free,mobile,PE,0
26,215.42,0.823,6,5,0.869,19,0,1,10,2,10,basic,mobile,MX,0
0,0.0,0.83,27,0,0.979,27,1,1,11,2,35,pro,mobile,AR,0
57,1395.02,0.426,44,16,0.59,25,0,1,6,1,3,basic,mobile,AR,0
30,324.43,0.648,0,0,0.58,19,0,3,11,3,41,free,mobile,AR,0
15,327.49,0.43,27,10,0.8,26,0,1,9,1,20,free,desktop,AR,0
40,799.57,0.562,41,3,0.699,10,0,2,6,1,17,basic,desktop,UY,0
31,697.53,0.664,47,4,0.733,25,0,0,9,1,20,free,mobile,AR,0
1,23.23,0.0,24,12,0.663,27,0,1,1,0,21,pro,mobile,AR,1
45,622.49,1.0,51,16,0.611,19,0,1,8,1,24,basic,desktop,CL,0
24,199.16,0.713,40,0,0.943,3,1,0,7,1,13,basic,mobile,AR,0
41,606.75,0.481,2,3,0.535,6,0,2,5,1,13,basic,mobile,CL,0
53,1236.74,0.985,16,5,0.803,5,2,1,7,1,16,free,mobile,AR,0
36,530.93,0.531,56,18,0.779,15,0,2,10,2,7,free,desktop,PE,1
40,553.43,0.627,0,1,0.463,13,0,3,6,1,10,basic,mobile,AR,0
15,106.08,0.503,6,3,0.575,24,1,0,4,1,18,free,mobile,MX,1
14,399.22,0.93,20,8,0.601,8,0,4,5,0,1,free,mobile,MX,0
24,550.9,0.579,59,6,0.785,4,0,4,6,1,18,pro,mobile,AR,1
51,1153.59,0.63,42,0,0.645,18,0,2,6,1,18,pro,mobile,AR,0
31,738.0,0.841,8,10,0.687,4,0,1,3,0,0,free,mobile,CL,0
20,429.21,0.717,23,12,0.481,27,1,0,6,1,21,pro,desktop,CO,1
46,760.57,0.589,56,3,1.0,2,1,2,3,0,29,free,mobile,CL,1
51,867.89,0.822,13,13,0.711,14,1,4,11,1,35,pro,mobile,CL,0
54,833.47,1.0,34,1,0.775,28,0,3,6,1,17,basic,mobile,MX,0
17,574.74,0.663,27,14,0.619,16,3,1,10,1,23,basic,tablet,CL,1
42,896.09,0.623,45,5,0.602,24,0,1,4,1,3,basic,mobile,CO,0
35,532.6,0.634,45,4,0.987,12,0,1,4,0,14,free,desktop,AR,0
26,540.62,0.862,49,3,0.412,22,0,2,3,0,29,pro,desktop,CL,0
23,274.5,0.48,7,17,0.742,21,1,3,6,0,20,free,tablet,PE,0
6,162.16,0.544,27,10,0.518,15,2,0,7,2,42,pro,desktop,MX,1
16,224.54,0.293,41,13,0.639,3,0,0,6,1,35,free,mobile,CL,1
32,672.21,0.363,25,4,0.604,29,0,3,10,2,40,free,mobile,CO,1
53,1292.98,0.496,40,1,0.552,1,0,3,6,2,21,free,tablet,AR,0
51,1035.74,0.589,38,0,0.705,10,1,2,9,2,3,basic,desktop,CL,0
11,204.24,0.954,22,8,0.315,19,1,2,0,0,24,basic,desktop,AR,0
40,722.59,0.707,6,6,0.653,23,0,1,4,1,42,basic,desktop,AR,1
5,88.31,0.418,58,15,0.686,16,1,1,8,2,7,pro,desktop,AR,1
40,581.59,0.454,49,15,0.496,12,0,4,4,0,43,basic,desktop,CO,0
20,306.06,0.875,53,6,0.927,12,0,1,8,0,0,basic,mobile,CL,1
26,698.82,0.825,17,8,0.611,29,0,1,7,0,27,free,mobile,PE,0
43,746.0,0.606,18,7,0.664,10,0,4,5,1,41,basic,mobile,AR,1
25,332.13,0.511,19,13,0.611,25,0,1,6,0,9,pro,desktop,AR,0
48,715.31,0.825,1,12,0.688,1,1,1,10,1,12,basic,tablet,MX,0
32,787.27,0.401,10,13,0.896,19,1,1,8,1,36,basic,desktop,AR,1
59,1301.16,0.678,18,1,1.0,20,1,2,11,0,15,free,mobile,CL,0
38,811.76,1.0,59,6,0.812,20,0,1,1,0,29,free,desktop,AR,1
17,279.73,0.641,12,19,0.863,12,1,2,9,0,5,basic,mobile,AR,0
46,986.25,0.445,30,6,0.957,20,2,2,10,0,30,free,mobile,CL,0
24,339.33,0.682,32,3,0.737,13,0,1,11,2,23,pro,desktop,MX,1
32,526.15,0.506,21,3,0.936,17,0,3,6,0,22,free,tablet,AR,1
8,190.55,0.321,55,0,0.819,26,0,3,5,1,33,free,desktop,AR,0
7,162.72,0.74,5,15,0.722,20,0,1,7,1,20,free,desktop,AR,0
34,411.69,0.824,52,0,0.753,22,0,1,10,3,30,basic,mobile,AR,1
11,141.54,0.538,44,11,0.427,29,0,2,10,2,19,pro,desktop,UY,0
59,1100.48,0.525,18,7,0.744,6,0,0,11,2,38,pro,mobile,MX,0
51,1446.2,0.408,46,1,0.468,17,0,4,11,1,25,basic,mobile,AR,0
42,273.28,0.57,25,17,0.456,19,0,2,7,2,12,free,desktop,AR,0
44,865.48,0.488,58,14,0.729,20,0,1,3,1,39,basic,mobile,AR,1
35,341.03,0.398,2,16,0.533,3,0,2,1,0,14,basic,desktop,AR,0
3,42.58,0.978,1,18,0.699,22,0,1,10,2,42,basic,mobile,PE,0
23,363.71,0.693,32,18,0.721,5,0,3,1,0,43,basic,mobile,AR,0
29,448.83,0.714,55,14,0.727,12,0,1,0,0,25,basic,mobile,PE,1
54,799.05,0.777,3,10,0.564,21,1,0,5,1,20,free,mobile,PE,0
13,234.56,0.754,46,13,0.835,7,0,2,8,2,11,free,mobile,CO,1
29,428.87,0.517,56,8,0.687,3,0,0,8,2,37,pro,desktop,CL,1
20,184.51,0.655,29,3,0.766,20,0,0,3,0,12,free,mobile,AR,0
8,181.43,0.546,52,7,0.521,8,0,1,6,0,27,free,mobile,PE,1
6,135.1,0.688,45,9,0.673,24,0,1,10,0,36,free,desktop,PE,1
21,484.24,0.668,12,0,0.865,26,1,1,9,0,8,free,desktop,MX,1
4,35.02,0.523,51,16,0.846,10,0,2,11,1,7,pro,desktop,AR,1
4,79.17,0.334,41,18,0.58,22,1,1,9,3,43,free,mobile,AR,1
21,463.17,0.629,0,8,0.618,6,0,1,1,0,44,basic,desktop,AR,0
12,141.75,0.559,34,9,0.552,27,0,1,2,0,14,pro,mobile,AR,1
33,595.82,0.222,39,16,0.602,7,0,3,2,1,10,free,mobile,CL,1
1,17.3,0.702,48,9,0.49,26,0,4,1,0,28,free,mobile,PE,1
18,522.95,0.793,46,13,0.679,23,1,1,10,0,26,free,desktop,MX,1
27,797.77,1.0,28,10,0.795,9,1,2,8,0,11,free,mobile,MX,0
57,456.79,0.522,17,5,0.582,24,1,3,10,0,9,free,tablet,CO,1
38,1252.62,0.492,11,15,0.686,18,0,1,3,0,25,basic,mobile,MX,0
52,650.45,0.378,5,3,0.667,20,0,4,11,1,12,free,mobile,CL,0
20,477.68,0.642,38,4,0.858,11,0,0,11,2,24,basic,mobile,CO,1
26,619.4,0.64,57,13,0.608,7,0,3,1,0,30,pro,desktop,AR,0
25,300.65,0.438,4,14,0.614,20,0,1,10,1,11,free,mobile,PE,0
53,1110.86,0.565,42,19,0.573,1,1,1,1,0,25,free,desktop,AR,1
57,989.22,0.204,35,14,0.529,10,0,1,5,0,44,free,mobile,MX,1
57,1215.58,0.785,10,0,0.779,4,1,1,2,0,24,free,mobile,CL,0
45,872.28,0.446,12,16,0.68,0,0,2,6,0,6,basic,desktop,CL,1
30,755.34,0.593,17,8,0.708,0,1,2,0,0,33,basic,desktop,CL,0
32,590.48,0.315,41,0,0.891,2,0,0,10,2,19,free,desktop,AR,0
58,985.58,0.484,17,11,0.9,28,0,2,5,1,32,free,mobile,CO,0
17,417.8,0.544,49,3,0.453,23,0,1,10,0,1,free,desktop,AR,1
20,429.65,0.598,22,8,0.797,29,0,4,5,1,32,basic,desktop,CL,1
53,1186.72,0.696,6,9,0.734,2,1,2,6,1,30,basic,desktop,PE,0
23,322.29,0.888,5,1,0.631,29,0,0,8,0,0,basic,mobile,MX,0
14,164.2,0.747,24,17,0.749,17,0,0,11,3,20,basic,desktop,PE,0
33,481.59,0.792,24,10,0.441,23,0,2,4,0,21,basic,desktop,AR,1
19,271.23,0.889,44,19,0.919,25,0,0,6,1,25,basic,mobile,AR,0
53,1204.01,0.714,28,9,0.777,7,1,4,3,1,27,free,desktop,AR,0
54,1288.22,0.593,9,11,0.57,22,0,0,0,0,31,basic,mobile,PE,0
18,307.25,0.802,12,16,0.612,19,0,1,10,0,41,basic,mobile,CO,0
31,824.15,0.815,33,4,0.445,12,1,1,6,1,34,basic,desktop,PE,0
59,1546.44,0.73,20,18,0.653,14,1,2,4,1,13,basic,mobile,MX,0
44,856.26,0.309,40,3,0.628,6,0,2,9,1,43,basic,mobile,AR,0
12,156.82,0.432,55,19,0.501,5,0,1,9,1,21,basic,desktop,AR,1
35,960.83,0.545,21,12,0.817,27,0,1,11,1,38,free,tablet,MX,0
37,652.45,0.756,33,10,0.892,21,0,3,5,1,21,basic,mobile,AR,0
39,731.52,0.596,49,4,0.696,16,0,2,1,0,14,free,mobile,MX,0
1,15.96,0.827,12,11,0.654,20,0,0,5,1,32,free,mobile,PE,0
17,215.24,0.863,30,11,0.765,12,0,1,5,0,32,free,mobile,AR,0
51,468.6,0.84,18,19,0.697,7,2,2,2,0,5,basic,desktop,MX,0
14,305.16,0.841,37,16,0.538,28,0,1,7,1,3,basic,mobile,CL,1
17,226.09,0.393,44,9,0.602,29,1,0,4,1,34,pro,desktop,AR,1
19,690.79,0.697,8,7,0.656,6,1,1,10,1,6,basic,mobile,AR,0
10,114.84,0.478,11,7,0.737,24,1,4,0,0,20,basic,tablet,MX,1
9,94.1,0.27,1,7,0.701,13,0,2,8,2,20,pro,mobile,CO,0
20,421.22,0.543,0,0,0.732,21,0,0,7,0,19,free,desktop,CL,0
52,1413.15,0.865,3,0,0.471,3,0,2,2,1,20,basic,desktop,AR,0
0,0.0,0.692,42,15,0.8,14,0,1,4,1,42,free,desktop,AR,1
16,342.94,1.0,54,5,0.701,3,1,1,10,2,22,free,mobile,CO,1
3,20.82,0.635,24,8,1.0,24,0,2,4,1,39,pro,desktop,AR,0
33,459.85,1.0,52,13,0.642,11,0,4,7,0,21,free,mobile,MX,0
15,173.37,0.636,43,12,0.749,7,0,4,6,0,21,pro,desktop,AR,1
47,311.6,0.604,48,7,1.0,20,0,1,10,2,28,pro,desktop,CO,0
35,654.57,0.344,44,15,0.729,28,0,1,7,1,10,pro,mobile,AR,0
47,213.52,0.822,11,3,0.69,10,1,1,10,4,42,basic,mobile,AR,0
38,382.54,0.5,31,9,0.552,21,0,2,10,1,41,basic,mobile,CL,1
26,384.2,0.471,31,2,0.929,20,1,1,1,0,7,basic,desktop,CO,1
51,663.63,0.856,38,10,0.526,14,0,0,10,2,6,basic,mobile,PE,0
28,570.6,0.832,47,1,0.764,24,2,1,11,3,16,pro,mobile,UY,1
56,1110.67,0.826,6,18,0.629,3,0,1,0,0,8,basic,desktop,CL,0
59,1378.4,0.528,40,13,0.672,26,0,1,5,0,3,basic,desktop,MX,0
35,788.0,0.59,49,4,0.486,12,0,3,3,1,36,pro,mobile,MX,1
40,993.8,0.588,6,12,0.901,1,0,0,11,2,8,basic,mobile,MX,0
15,269.83,0.757,24,6,0.658,29,0,1,4,1,16,pro,mobile,AR,1
48,951.4,0.911,53,10,0.518,23,1,0,2,0,44,free,desktop,MX,1
40,842.76,0.674,1,3,0.888,24,0,2,1,0,17,free,mobile,UY,0
54,1017.9,0.995,9,10,0.624,4,1,1,9,1,1,basic,mobile,AR,0
16,249.87,0.779,48,2,0.75,22,0,2,0,0,10,basic,desktop,AR,1
47,752.25,0.553,10,3,0.826,20,0,0,3,0,9,pro,mobile,AR,0
28,366.65,0.766,42,11,0.771,27,2,3,6,0,25,free,desktop,CL,1
11,225.83,0.941,54,10,0.371,11,0,3,0,0,19,free,desktop,CL,1
10,174.36,1.0,29,5,0.804,27,2,3,2,0,3,pro,desktop,AR,0
33,462.69,0.837,29,1,0.685,21,0,2,11,0,13,basic,mobile,CL,1
19,266.5,0.605,25,8,0.651,7,1,1,5,1,21,basic,mobile,CO,1
6,64.43,0.557,22,18,0.684,6,0,2,3,1,24,free,mobile,AR,1
25,596.83,0.715,22,14,0.458,27,0,2,10,1,18,pro,mobile,CO,0
39,720.4,0.935,33,1,0.729,19,0,1,0,0,44,pro,mobile,CO,0
19,243.64,0.687,53,18,0.495,3,0,2,3,1,22,basic,mobile,MX,1
57,1302.52,0.691,58,8,0.657,3,0,2,10,1,31,free,mobile,AR,1
46,673.32,0.61,51,11,0.723,24,1,1,9,3,25,pro,mobile,PE,1
30,286.83,0.534,7,0,0.861,5,1,0,5,1,18,pro,mobile,AR,0
56,1351.13,0.568,18,6,0.577,6,0,1,11,2,1,basic,mobile,AR,0
25,369.44,0.627,45,15,0.918,18,2,4,6,2,30,basic,desktop,AR,0
8,124.37,0.944,32,6,0.842,25,0,4,8,0,38,basic,mobile,PE,1
2,36.49,0.552,20,3,0.636,10,0,1,11,0,39,free,desktop,AR,0
56,1391.91,0.611,18,1,0.534,19,1,1,6,1,35,basic,desktop,CL,0
57,1032.85,0.427,7,18,0.483,21,1,1,5,1,10,basic,desktop,MX,0
44,475.43,0.743,19,16,0.741,18,0,2,7,3,20,basic,desktop,MX,0
6,127.58,0.873,25,0,0.589,20,0,3,0,0,32,pro,tablet,MX,1
17,256.53,0.925,24,18,0.88,6,0,1,5,0,32,basic,mobile,AR,0
2,58.66,0.641,32,16,0.598,18,1,5,8,0,27,pro,mobile,MX,1
3,53.98,0.715,16,7,0.565,0,1,3,4,1,2,free,desktop,AR,0
14,64.26,0.569,12,13,0.735,21,0,0,8,2,33,pro,desktop,AR,0
34,684.9,0.706,53,5,0.597,23,1,0,4,0,25,free,mobile,AR,0
3,89.0,0.663,24,4,0.701,23,0,2,2,0,3,free,tablet,CL,0
59,1619.88,0.612,15,14,0.848,0,0,2,1,0,24,basic,desktop,AR,0
27,782.61,0.628,38,4,0.718,27,0,0,6,1,32,free,desktop,MX,0
15,178.22,0.69,32,7,0.718,13,1,1,2,0,42,free,mobile,AR,0
30,704.19,0.541,34,7,0.731,2,0,0,4,1,35,basic,mobile,CL,1
47,642.4,0.552,13,3,0.446,16,0,2,6,0,11,free,mobile,AR,1
18,348.22,0.941,43,16,0.759,17,0,0,0,0,30,pro,mobile,CL,0
2,20.72,1.0,11,13,0.724,12,2,2,5,1,30,free,mobile,CO,0
3,42.4,0.359,50,17,0.834,22,0,1,3,0,8,basic,mobile,AR,0
51,711.07,0.348,25,10,0.791,16,0,0,3,0,37,basic,desktop,CO,0
6,140.35,0.409,24,3,0.67,6,1,0,10,2,7,basic,mobile,CL,1
38,866.56,0.579,23,5,0.855,18,0,1,11,2,33,basic,desktop,AR,1
23,452.2,0.779,25,7,0.656,7,0,1,3,0,33,basic,mobile,AR,0
46,455.28,0.718,39,18,0.737,3,1,2,10,2,43,free,desktop,AR,1
3,48.39,0.634,29,4,0.653,8,0,2,2,0,29,free,desktop,CO,0
53,716.73,0.706,7,13,0.769,27,2,1,4,0,3,basic,desktop,AR,0
41,951.94,0.462,33,2,0.644,17,1,1,11,2,44,basic,mobile,UY,0
26,651.8,0.551,16,19,0.947,9,0,2,1,0,17,basic,mobile,MX,0
12,292.06,0.596,6,12,1.0,10,0,1,4,0,20,free,mobile,CL,0
58,781.18,0.283,50,8,0.831,25,0,0,9,3,39,pro,desktop,UY,0
18,54.0,0.368,18,6,0.931,19,0,0,11,0,10,free,tablet,AR,0
29,214.55,0.376,35,7,0.469,23,0,1,11,0,29,pro,mobile,CO,1
23,610.18,0.753,10,4,0.487,18,0,3,10,2,34,free,mobile,AR,0
13,202.7,0.649,20,11,0.652,29,0,0,11,2,23,pro,mobile,MX,1
24,323.9,0.722,23,17,0.706,19,0,2,5,1,33,basic,mobile,AR,0
9,250.7,0.232,8,4,0.67,12,0,0,3,1,32,basic,desktop,PE,1
0,0.0,0.303,58,14,0.454,7,0,3,4,0,23,free,mobile,AR,1
17,308.49,0.733,18,11,0.873,1,0,1,1,0,4,pro,desktop,MX,0
6,97.44,0.044,34,15,1.0,23,0,0,1,0,33,free,mobile,PE,1
24,412.98,0.845,33,15,0.892,27,0,1,11,2,35,basic,mobile,AR,0
51,987.51,0.235,25,0,0.863,19,0,0,2,0,13,free,mobile,UY,1
9,248.4,0.769,35,0,0.734,14,0,0,7,1,36,basic,desktop,MX,1
0,0.0,0.422,33,18,0.574,3,1,0,2,0,9,basic,desktop,CO,1
6,134.14,0.81,4,3,0.711,19,0,2,7,0,7,basic,desktop,CL,0
30,750.47,1.0,40,11,1.0,6,0,2,5,1,5,basic,mobile,CO,0
16,175.71,0.145,6,15,0.647,18,0,6,1,0,24,pro,mobile,PE,0
29,653.35,0.739,26,10,0.632,9,1,1,4,0,13,basic,desktop,AR,0
1,16.23,0.238,21,0,0.866,25,0,2,8,2,31,free,tablet,CO,0
19,57.0,0.685,26,0,0.876,28,0,0,9,1,29,basic,mobile,UY,1
24,125.54,0.559,4,13,0.573,7,0,1,3,0,19,basic,mobile,CO,0
25,297.28,0.626,42,17,0.661,9,1,1,3,0,11,free,mobile,UY,0
33,699.18,0.418,25,6,0.625,27,0,2,8,1,41,basic,desktop,CO,0
46,859.41,0.756,3,10,0.71,0,0,1,5,0,39,free,mobile,AR,0
28,534.97,0.31,0,18,0.866,15,0,2,0,0,15,pro,mobile,PE,0
50,1485.28,0.848,32,16,0.579,4,0,2,1,0,11,basic,mobile,MX,0
31,321.95,0.518,39,10,0.863,12,0,1,4,1,36,basic,desktop,AR,1
15,267.53,0.319,32,13,0.715,0,0,0,3,1,30,pro,mobile,AR,1
13,257.75,0.919,43,19,1.0,4,1,6,1,0,20,pro,mobile,AR,1
19,258.06,0.587,45,15,0.748,12,0,0,9,2,23,free,desktop,CO,1
35,635.95,0.982,52,8,0.685,1,0,1,5,0,32,free,mobile,CO,0
14,117.6,0.844,58,13,0.786,23,2,1,8,1,9,basic,mobile,PE,1
54,1428.81,0.44,53,6,0.649,17,0,1,0,0,44,free,mobile,AR,0
28,389.49,0.583,47,18,0.431,13,0,2,4,1,25,free,mobile,AR,1
51,1539.61,0.624,25,1,0.664,14,0,4,5,1,5,basic,mobile,AR,0
40,712.21,0.905,30,4,0.662,25,2,1,6,1,42,free,mobile,MX,0
20,483.37,0.688,36,6,0.461,25,1,0,11,2,44,free,mobile,PE,0
13,229.84,0.635,10,4,0.689,1,1,3,5,1,42,free,desktop,PE,0
44,783.88,0.56,40,11,0.39,20,0,1,5,1,31,free,desktop,AR,0
19,275.42,0.59,35,14,0.648,14,1,0,10,1,13,basic,mobile,CO,0
14,262.01,0.861,31,17,0.737,23,0,2,4,1,23,free,desktop,MX,1
55,1094.94,0.601,50,10,0.715,23,0,1,4,0,24,free,mobile,PE,0
28,372.24,0.521,41,12,0.638,21,1,2,1,0,22,pro,desktop,CO,1
2,34.5,0.487,55,11,0.687,20,0,3,8,1,6,basic,mobile,MX,1
29,415.84,0.489,58,0,0.582,6,1,1,0,0,13,pro,mobile,CO,0
27,858.55,0.32,49,14,0.702,25,0,0,2,0,21,pro,mobile,AR,0
51,890.54,0.45,17,0,0.709,21,0,2,5,1,23,basic,mobile,CO,0
42,1145.4,0.9,11,10,0.565,8,0,2,5,0,14,pro,mobile,CO,0
11,185.09,0.559,17,19,0.74,6,0,0,0,0,32,free,mobile,PE,0
9,176.0,0.741,42,15,0.739,15,0,1,6,1,41,basic,desktop,AR,0
36,362.59,0.104,51,10,0.675,10,0,2,11,0,21,basic,mobile,PE,0
2,30.64,0.714,52,6,1.0,20,2,1,1,0,28,basic,mobile,AR,0
19,366.0,0.568,41,16,0.679,12,2,1,5,1,8,free,desktop,CO,1
8,220.13,0.504,40,17,0.658,5,0,3,7,1,8,pro,mobile,PE,1
1,19.33,0.636,57,7,0.637,11,0,2,3,0,3,basic,mobile,AR,1
55,1446.63,0.501,41,2,0.554,24,0,4,6,1,44,pro,mobile,MX,0
5,109.22,0.175,8,11,0.803,24,0,2,4,1,13,pro,mobile,MX,0
0,0.0,0.784,30,12,0.597,9,0,0,1,0,31,pro,desktop,CO,0
55,970.52,0.649,21,18,0.615,23,0,2,10,3,28,free,mobile,AR,0
11,355.75,0.537,38,17,0.619,2,0,2,11,2,6,basic,mobile,PE,1
48,724.21,0.407,38,4,0.552,29,0,2,4,1,7,basic,desktop,UY,0
1,13.4,0.306,17,5,0.437,22,0,0,1,0,35,basic,desktop,MX,1
9,96.66,0.645,17,19,0.631,1,0,3,1,0,35,basic,desktop,CL,1
6,191.92,0.923,5,6,0.831,21,1,1,10,0,25,basic,mobile,MX,0
42,962.5,0.641,17,9,0.73,14,0,4,10,1,15,pro,mobile,AR,0
37,591.83,0.323,49,6,0.934,26,0,1,5,0,18,free,tablet,CO,0
28,713.84,0.645,39,7,0.813,7,0,1,10,3,35,free,mobile,AR,0
14,309.77,0.589,56,11,0.779,26,1,0,2,0,8,basic,desktop,AR,0
5,148.98,0.773,55,5,0.982,26,2,3,4,0,3,basic,desktop,AR,0
34,296.24,0.721,51,8,0.685,8,0,1,1,0,12,pro,desktop,CO,0
13,213.3,0.003,10,7,0.709,12,0,1,6,2,8,basic,mobile,MX,1
35,532.87,0.709,20,2,0.698,19,0,1,8,2,7,basic,desktop,MX,0
41,252.47,0.399,3,15,0.932,7,0,2,11,3,20,basic,desktop,AR,1
50,1218.1,0.316,5,17,0.7,29,0,1,9,1,36,pro,desktop,AR,0
29,474.95,0.562,13,9,0.603,5,0,0,7,1,31,free,desktop,CL,0
0,0.0,0.682,16,4,0.788,7,0,3,8,3,12,free,desktop,MX,0
16,514.54,0.272,0,12,0.578,15,0,1,7,2,19,basic,mobile,AR,1
51,809.91,0.741,50,10,0.78,14,0,0,5,1,21,free,desktop,MX,1
31,479.67,0.753,31,11,0.762,1,0,0,6,2,17,pro,desktop,AR,0
37,692.34,0.609,39,11,0.672,27,0,0,2,0,43,free,desktop,PE,0
27,645.93,0.426,39,14,0.785,7,0,1,0,0,42,basic,mobile,CL,1
9,131.4,0.404,58,0,0.477,3,0,2,9,1,44,pro,mobile,AR,1
53,753.35,0.805,8,1,0.724,15,0,2,5,1,18,free,desktop,AR,0
46,1119.78,0.298,20,1,0.631,27,1,1,10,2,35,free,mobile,AR,0
59,1196.04,0.813,18,3,1.0,0,0,2,1,0,33,free,desktop,AR,1
51,292.31,0.567,33,19,0.723,14,0,2,4,1,35,pro,mobile,CO,0
17,181.01,0.581,31,14,0.611,27,0,1,3,1,7,pro,desktop,CO,0
15,405.11,0.258,47,13,0.493,26,0,1,10,2,42,basic,mobile,AR,1
14,285.76,0.571,33,13,0.896,5,0,4,4,1,42,basic,mobile,PE,0
55,738.48,0.723,14,0,0.647,18,0,2,7,1,35,basic,mobile,AR,1
33,560.26,0.333,33,4,0.581,25,1,0,1,0,25,free,desktop,CO,1
27,488.14,0.7,57,15,0.75,20,0,0,6,2,20,free,desktop,AR,1
58,1300.04,0.618,34,9,0.797,19,0,2,5,1,11,pro,desktop,AR,0
36,354.62,0.471,35,10,0.795,23,0,2,7,1,2,free,mobile,CO,1
54,699.53,0.771,10,15,0.703,13,2,2,7,1,43,basic,mobile,AR,0
59,1158.63,0.16,0,1,0.724,2,1,1,1,0,9,free,desktop,AR,0
4,69.6,0.669,12,15,0.735,19,0,5,0,0,15,basic,desktop,CO,0
21,450.05,0.924,1,13,0.75,18,0,1,1,0,20,free,desktop,MX,0
44,467.41,0.888,27,8,0.764,25,0,1,2,0,30,free,mobile,PE,0
48,966.85,0.678,52,9,0.864,27,0,1,8,1,11,free,mobile,MX,0
8,196.4,0.54,26,1,0.708,10,0,1,3,0,9,pro,desktop,AR,0
19,397.5,0.473,38,4,0.577,28,0,1,11,1,14,free,mobile,MX,1
32,602.71,0.539,51,4,0.678,0,1,1,1,0,14,basic,mobile,PE,1
47,818.96,0.709,45,17,0.813,29,0,2,6,1,2,basic,desktop,AR,0
6,77.95,0.439,39,2,0.432,4,1,4,8,2,17,free,desktop,AR,1
36,632.45,0.751,47,5,0.433,19,0,3,0,0,24,pro,mobile,MX,0
17,434.49,1.0,16,2,0.838,20,0,1,6,1,20,free,mobile,CO,0
12,207.43,0.588,25,5,0.928,18,0,2,0,0,15,basic,desktop,AR,1
30,379.84,0.331,23,0,0.51,29,0,0,9,2,41,basic,desktop,CO,0
24,361.12,0.331,47,5,0.715,16,0,3,5,1,11,pro,mobile,AR,1
38,729.79,0.755,24,14,0.64,3,0,1,10,1,37,pro,mobile,CL,0
19,299.42,0.588,56,15,0.661,18,0,1,7,2,27,free,mobile,CO,1
49,1024.68,0.775,11,7,0.746,8,2,0,3,0,29,pro,mobile,AR,0
4,84.55,0.493,10,14,0.506,18,3,1,1,0,12,pro,mobile,AR,1
51,1190.03,0.766,42,12,0.534,11,0,1,1,0,43,pro,desktop,MX,0
1,26.54,0.568,45,18,0.655,1,0,2,0,0,21,pro,mobile,AR,0
44,1054.91,0.453,40,16,0.678,19,1,3,3,1,22,basic,mobile,PE,0
20,247.89,0.52,18,4,0.531,2,1,4,8,2,11,basic,mobile,UY,1
23,289.31,0.361,0,11,0.818,9,0,1,4,0,21,free,mobile,MX,0
1,17.55,0.998,19,15,0.637,18,0,2,1,0,30,pro,mobile,CO,1
42,642.3,0.581,27,6,0.637,26,1,3,0,0,42,pro,mobile,PE,0
9,100.53,0.729,24,11,0.742,9,0,1,5,1,38,free,mobile,CO,1
39,598.64,0.493,55,8,0.681,8,1,1,2,0,7,basic,mobile,CO,0
43,651.58,0.39,51,6,0.826,9,0,1,8,0,3,free,mobile,AR,1
50,698.45,0.553,46,3,0.56,17,0,2,4,1,42,free,mobile,PE,0
42,676.42,0.82,1,0,0.49,5,1,0,1,0,36,basic,tablet,AR,0
18,451.27,0.496,7,14,0.654,15,0,3,3,0,6,free,tablet,AR,0
44,844.6,0.426,26,16,0.709,24,0,0,5,1,38,basic,mobile,MX,0
49,1608.71,0.631,37,13,0.514,2,0,5,0,0,34,free,mobile,AR,0
19,361.44,0.7,40,4,0.492,28,0,2,1,0,43,basic,desktop,AR,0
7,113.82,0.929,17,0,0.727,15,0,4,11,2,7,basic,mobile,MX,1
53,955.31,0.671,6,12,0.586,18,1,2,4,1,37,pro,desktop,AR,0
8,156.31,0.729,19,3,0.482,18,2,1,8,2,16,free,desktop,PE,1
35,721.4,0.744,47,10,0.845,28,0,3,10,1,24,free,mobile,UY,1
14,426.44,0.369,59,19,0.605,19,0,2,1,0,11,basic,mobile,CO,1
7,90.5,0.407,56,0,0.872,26,0,1,8,0,3,basic,desktop,AR,0
46,1065.1,0.383,35,11,0.704,8,0,0,9,2,31,basic,mobile,MX,0
8,153.97,0.334,5,19,0.744,6,0,0,0,0,3,basic,desktop,AR,0
40,342.94,0.759,58,6,0.668,19,0,2,3,1,20,pro,desktop,MX,1
41,927.59,0.658,9,16,0.302,4,0,1,1,0,8,free,mobile,AR,0
3,76.82,0.616,16,16,0.529,3,0,4,0,0,41,free,mobile,CL,1
10,128.57,0.081,58,9,0.681,6,0,3,3,0,20,pro,mobile,AR,1
47,843.48,1.0,30,6,0.755,8,0,2,2,1,8,pro,mobile,UY,0
30,229.44,0.421,11,13,0.432,2,0,1,10,2,42,free,mobile,AR,1
7,73.13,1.0,30,12,0.692,21,0,0,2,1,30,pro,mobile,CL,0
59,1433.0,0.31,4,9,0.532,17,0,0,8,1,7,free,desktop,AR,0
15,228.02,0.438,18,3,0.735,6,0,0,0,0,15,pro,desktop,MX,1
0,0.0,0.159,57,14,0.697,8,0,1,7,1,24,basic,mobile,PE,1
55,1065.72,0.672,17,4,0.812,27,0,2,8,0,34,basic,desktop,AR,0
0,0.0,0.38,53,2,0.86,27,0,1,1,0,44,pro,desktop,AR,1
33,500.78,0.385,32,1,0.769,3,1,2,5,1,37,pro,desktop,AR,1
59,1323.72,0.325,39,8,0.829,18,0,2,11,2,0,free,mobile,MX,1
34,375.01,0.755,42,2,0.647,9,0,2,7,1,21,basic,mobile,MX,1
35,439.87,0.742,33,6,1.0,10,2,0,9,2,2,pro,mobile,PE,0
23,435.26,0.962,2,4,0.517,17,0,4,5,0,13,basic,mobile,PE,0
7,166.72,0.463,55,9,0.621,29,0,0,2,0,12,free,mobile,AR,1
34,864.58,0.644,28,15,0.835,17,1,1,5,1,11,free,mobile,PE,1
53,742.51,0.342,39,9,0.813,28,1,3,4,1,10,pro,desktop,PE,0
5,118.12,0.533,33,11,0.773,24,0,1,11,0,18,basic,tablet,MX,0
52,691.35,0.496,39,2,0.801,23,0,1,5,0,22,basic,mobile,AR,0
24,694.97,0.693,21,2,0.387,23,0,1,7,1,42,basic,mobile,CO,1
32,358.32,0.803,50,19,0.938,23,0,2,7,2,18,free,mobile,MX,0
9,233.74,0.798,13,12,0.669,7,1,1,4,1,1,free,desktop,AR,0
37,520.26,0.431,39,0,0.887,29,0,0,4,1,26,free,mobile,AR,1
10,300.79,0.8,34,11,0.395,27,0,1,10,1,13,free,desktop,MX,1
16,344.77,0.591,30,0,0.738,18,1,3,2,0,6,pro,desktop,MX,0
43,511.87,0.535,1,1,0.615,21,0,2,4,1,30,free,mobile,AR,0
3,44.6,0.458,23,7,0.786,26,0,3,8,1,30,free,desktop,PE,1
26,589.86,0.488,2,13,0.748,4,1,2,0,0,15,basic,mobile,AR,1
35,851.06,0.948,30,12,0.755,1,2,1,8,0,9,pro,mobile,AR,0
7,123.03,0.661,41,15,0.541,29,0,1,9,1,22,free,desktop,AR,1
17,310.56,0.635,31,3,0.691,16,1,1,5,1,20,free,mobile,MX,1
20,451.0,0.548,45,3,0.673,21,0,0,6,2,43,basic,mobile,AR,1
39,732.84,1.0,21,10,0.774,15,1,0,5,0,1,basic,desktop,CO,1
58,593.86,0.861,18,17,0.848,15,0,0,7,0,8,basic,desktop,CL,0
50,656.11,0.456,26,14,0.723,1,0,1,0,0,35,free,desktop,AR,1
11,213.52,0.545,13,13,0.509,8,0,2,7,1,42,pro,mobile,AR,0
1,25.29,0.557,48,1,0.716,2,0,1,5,0,28,basic,desktop,CL,1
3,83.09,0.629,48,17,1.0,12,1,6,0,0,14,pro,mobile,CL,1
35,793.7,0.46,24,19,0.947,0,1,1,9,0,9,pro,mobile,AR,0
9,177.51,0.688,47,11,0.254,24,0,0,1,0,37,basic,mobile,CL,0
13,292.41,0.89,1,6,0.71,8,1,1,7,0,27,free,desktop,CL,0
50,699.97,0.337,9,13,0.84,22,0,2,10,2,18,basic,desktop,UY,0
52,888.19,0.374,16,12,0.673,1,0,2,11,1,19,basic,mobile,CO,0
50,652.76,0.503,23,18,0.631,0,0,3,7,1,6,free,mobile,AR,1
15,157.61,0.513,13,2,0.66,12,0,0,8,3,37,free,desktop,CL,1
37,740.05,1.0,30,10,0.783,23,0,1,7,1,2,free,mobile,AR,0
36,688.07,0.8,47,14,0.528,24,0,1,9,1,44,pro,mobile,CL,0
11,243.39,0.789,27,6,0.878,16,1,2,11,2,7,pro,mobile,AR,0
33,702.13,0.547,26,16,0.692,18,0,0,5,1,5,basic,mobile,PE,0
31,603.13,0.543,3,1,0.56,20,1,1,4,1,3,pro,mobile,CL,0
23,490.81,0.31,16,2,0.869,20,0,1,2,0,22,basic,desktop,PE,1
45,798.48,0.756,48,15,0.468,22,0,2,11,1,2,pro,mobile,MX,0
40,819.09,0.698,48,2,0.617,0,0,1,10,1,11,free,desktop,AR,0
31,422.94,0.857,6,8,0.614,12,0,1,8,1,35,free,desktop,AR,0
43,869.38,0.558,1,5,1.0,25,1,2,7,2,33,basic,mobile,AR,0
45,990.47,0.572,49,13,0.597,13,0,2,2,0,15,pro,desktop,CO,0
34,475.38,0.634,10,0,0.377,4,0,4,10,1,1,pro,desktop,PE,0
16,292.98,0.778,34,7,0.613,19,0,1,0,0,7,pro,tablet,AR,0
45,641.63,0.306,49,19,0.768,9,0,0,7,1,24,pro,desktop,CL,0
43,638.16,0.747,47,7,0.818,15,0,1,3,0,20,free,mobile,AR,1
59,663.78,0.596,33,11,1.0,15,2,1,5,2,38,free,desktop,CL,1
8,204.76,0.388,22,19,0.911,20,0,0,1,0,21,basic,desktop,PE,1
25,609.85,0.183,46,12,0.728,27,0,3,1,0,17,basic,desktop,AR,1
55,1167.35,0.573,41,15,0.566,20,0,0,4,0,28,basic,mobile,AR,0
30,895.0,0.89,50,19,0.944,29,0,0,4,1,37,free,desktop,MX,1
56,944.41,0.935,30,12,0.645,0,0,1,10,0,36,basic,mobile,AR,0
0,0.0,0.671,56,16,0.601,23,0,1,7,2,6,pro,tablet,AR,1
2,33.27,0.992,46,10,0.637,12,0,3,0,0,18,free,mobile,AR,0
47,917.96,0.591,3,16,0.512,21,0,0,11,2,41,basic,mobile,MX,0
21,327.88,0.791,17,12,0.63,2,1,1,7,1,36,free,mobile,UY,1
31,627.25,0.51,47,6,0.665,15,0,1,9,2,35,basic,desktop,PE,0
25,575.34,0.497,6,11,0.81,0,0,2,11,2,5,basic,desktop,MX,0
24,415.6,0.464,42,6,0.642,19,1,0,6,1,17,free,mobile,CO,1
56,1604.98,0.188,20,7,0.51,6,0,1,2,0,37,basic,desktop,MX,0
5,97.17,0.857,12,5,0.459,4,0,2,5,1,5,basic,mobile,CL,1
46,902.65,0.472,32,9,0.731,2,0,1,8,0,32,free,mobile,AR,1
53,664.94,0.44,55,6,0.711,8,1,0,0,0,23,pro,mobile,AR,0
39,799.93,0.364,53,12,0.617,28,0,1,11,2,32,pro,mobile,CL,1
23,395.5,0.559,24,7,0.63,29,0,1,4,1,30,basic,mobile,UY,1
9,129.16,0.953,0,9,0.758,2,0,1,7,0,4,free,mobile,MX,1
40,533.65,1.0,53,2,0.909,29,0,3,11,0,5,basic,mobile,UY,0
28,952.86,0.268,53,7,0.583,17,0,3,10,1,15,free,mobile,AR,1
8,131.35,0.529,36,7,0.713,9,0,3,8,2,41,free,mobile,AR,1
21,194.42,0.393,37,19,0.844,28,1,3,3,0,42,basic,mobile,UY,1
57,787.21,0.798,31,8,0.584,7,0,0,6,2,34,pro,mobile,AR,0
15,265.36,0.657,0,0,0.698,5,1,0,6,1,10,free,mobile,MX,1
10,212.8,0.473,9,6,0.694,6,0,0,10,0,42,basic,mobile,AR,0
40,853.15,0.615,8,14,0.503,4,0,2,0,0,32,basic,desktop,PE,0
11,242.66,0.505,54,3,0.725,14,0,3,0,0,13,basic,desktop,AR,1
55,777.2,0.923,2,3,0.705,4,1,1,1,0,32,pro,mobile,PE,0
51,1022.17,0.709,33,7,0.783,6,1,2,11,3,19,basic,mobile,AR,0
59,751.87,0.734,21,7,0.522,11,0,2,6,1,21,basic,tablet,AR,0
54,771.24,0.067,0,9,0.701,19,0,1,8,2,10,free,desktop,PE,0
14,174.91,0.587,55,0,0.907,25,0,0,1,0,28,free,mobile,AR,1
12,130.44,1.0,1,14,1.0,2,0,1,0,0,12,basic,desktop,AR,0
20,487.71,0.865,51,4,0.892,18,1,2,7,0,41,free,mobile,MX,1
28,619.69,0.231,46,14,0.523,3,1,1,8,2,6,free,mobile,AR,1
52,1240.72,0.537,47,11,0.768,29,0,3,5,0,11,free,desktop,AR,1
44,802.38,0.36,9,4,0.628,8,0,1,0,0,5,free,mobile,AR,0
38,861.11,0.942,52,9,0.743,25,0,4,5,1,10,basic,desktop,MX,0
52,386.48,0.649,35,0,0.584,23,0,0,7,1,30,free,mobile,AR,0
38,880.78,0.446,24,14,0.443,9,1,0,2,0,42,free,mobile,PE,1
22,419.38,0.607,40,6,0.648,9,0,1,3,0,7,basic,mobile,CO,1
24,522.3,0.079,20,7,0.808,9,0,2,8,1,10,basic,desktop,AR,0
31,628.68,0.383,16,3,0.743,14,0,1,2,0,6,pro,mobile,MX,0
5,60.39,0.607,17,7,0.76,13,0,3,1,0,36,pro,mobile,MX,1
44,396.52,0.769,34,7,0.732,19,0,2,7,2,24,pro,desktop,MX,0
39,535.38,0.212,36,4,0.761,13,0,3,0,0,16,basic,mobile,CL,0
43,919.75,0.524,14,19,0.779,23,1,2,5,1,31,free,mobile,MX,0
32,708.5,0.802,14,5,0.659,13,0,0,6,2,3,free,mobile,AR,0
46,450.45,0.31,56,3,0.712,9,0,3,0,0,35,pro,mobile,CL,1
56,678.35,0.646,30,10,0.961,9,0,4,7,1,4,pro,mobile,AR,0
34,464.46,0.613,51,6,0.721,21,1,2,9,2,26,basic,mobile,UY,0
26,412.26,0.943,19,9,0.706,4,0,0,11,1,1,basic,mobile,CL,0
6,58.97,0.554,17,14,0.715,8,1,1,3,1,9,free,mobile,MX,1
46,435.51,0.566,16,1,0.667,9,0,3,3,0,28,free,desktop,CL,1
54,705.73,0.771,31,10,0.635,19,0,1,7,1,25,basic,mobile,AR,0
41,759.22,0.335,46,0,0.731,3,1,1,7,2,20,free,mobile,AR,1
51,556.74,0.556,30,0,0.624,13,0,2,7,1,28,basic,mobile,AR,0
51,882.56,0.509,17,1,0.678,20,0,1,3,0,37,pro,tablet,MX,0
47,1144.51,0.572,57,3,0.581,27,0,0,0,0,11,pro,desktop,MX,0
30,305.68,0.77,34,6,0.716,13,1,1,0,0,43,pro,mobile,AR,0
5,83.81,0.711,23,18,0.788,29,0,0,11,3,6,free,desktop,CL,1
0,0.0,0.45,0,18,0.668,18,0,4,4,0,44,basic,mobile,AR,0
12,185.88,0.627,33,2,0.399,23,0,2,5,1,41,basic,mobile,MX,1
25,363.95,0.898,37,19,0.789,7,0,1,7,1,19,basic,mobile,AR,0
44,1099.16,0.434,55,12,0.718,27,0,0,2,0,4,pro,mobile,PE,0
27,436.4,0.629,13,11,0.551,7,1,1,4,1,18,free,mobile,CL,1
1,24.63,0.561,9,15,0.816,4,1,1,5,1,12,free,mobile,CL,0
12,246.89,0.587,59,9,0.49,2,0,1,1,0,26,basic,desktop,CO,1
58,924.69,0.274,33,5,0.857,19,0,1,7,1,10,basic,desktop,CO,1
59,1231.81,0.882,1,10,0.691,18,0,2,2,0,3,basic,desktop,CL,0
22,438.3,0.445,6,14,0.36,5,0,0,0,0,40,free,mobile,AR,1
48,1158.01,0.805,28,13,0.727,26,0,2,7,0,38,free,desktop,AR,0
43,632.53,0.476,37,3,0.639,8,0,2,3,1,22,basic,mobile,AR,1
55,1003.6,0.475,14,18,0.616,18,0,3,8,1,38,basic,mobile,CO,0
53,934.44,0.843,21,5,0.589,15,1,1,6,1,43,free,desktop,MX,0
37,822.32,0.799,44,16,0.681,17,0,0,0,0,41,pro,mobile,AR,0
23,272.53,0.642,58,6,0.627,22,0,1,8,1,37,basic,desktop,AR,1
37,891.77,0.752,29,1,0.421,27,0,3,0,0,1,free,mobile,MX,0
19,395.16,0.542,24,19,0.891,21,1,4,3,1,33,free,mobile,MX,1
20,201.97,0.598,21,11,0.663,27,2,3,8,1,41,free,mobile,CO,1
36,908.98,0.468,8,4,0.59,26,0,0,4,1,7,free,desktop,MX,0
34,1067.75,0.781,3,0,0.531,10,0,1,4,0,2,basic,mobile,AR,0
34,816.37,0.461,50,2,0.816,16,1,2,2,0,15,pro,desktop,CO,0
23,610.92,0.897,2,3,0.505,5,0,0,5,0,37,free,mobile,CL,0
24,444.29,0.537,49,18,0.72,27,0,1,3,0,36,free,desktop,MX,1
0,0.0,0.604,14,3,0.612,29,1,3,11,1,26,pro,mobile,AR,1
36,249.67,0.752,41,3,0.621,26,0,1,8,1,44,basic,tablet,CO,0
34,664.04,0.605,57,16,0.534,22,0,1,10,4,7,basic,mobile,AR,1
56,809.1,0.54,44,17,0.607,25,1,2,4,0,39,basic,mobile,AR,0
30,375.38,0.594,43,4,0.701,23,0,2,11,2,39,free,mobile,AR,1
28,493.46,0.779,15,13,0.735,6,0,1,3,0,42,free,mobile,CO,1
4,86.77,0.467,35,10,0.582,7,0,2,3,1,13,pro,desktop,CO,1
11,102.12,0.575,38,11,0.686,15,0,1,3,0,28,basic,mobile,AR,1
20,306.13,0.602,25,6,0.833,12,0,3,7,2,12,free,tablet,AR,1
22,595.3,0.773,2,15,0.451,22,0,0,7,2,21,pro,mobile,AR,0
21,242.51,0.58,54,17,0.699,22,1,2,0,0,43,basic,desktop,MX,1
23,534.03,0.962,11,14,0.557,29,0,4,6,2,23,free,desktop,MX,0
46,694.21,0.569,58,18,0.542,23,0,0,11,2,34,pro,desktop,CO,1
7,148.92,0.552,55,2,0.739,0,0,3,4,1,20,basic,mobile,CO,1
19,467.1,0.566,1,13,0.618,10,0,1,8,1,0,pro,desktop,PE,0
9,202.03,0.337,44,19,0.517,9,0,0,7,2,6,free,mobile,CL,1
18,422.19,0.393,38,10,0.899,19,0,4,11,1,30,free,mobile,PE,0
41,454.71,0.494,13,18,0.838,10,0,0,7,0,13,pro,desktop,CL,0
2,49.36,0.827,48,6,0.41,29,2,0,5,2,14,free,mobile,CO,1
20,257.68,0.593,6,17,0.479,8,0,0,0,0,4,pro,desktop,MX,0
1,19.56,0.503,14,18,0.789,13,0,1,9,1,36,pro,mobile,PE,0
57,1114.32,0.845,56,12,0.657,24,1,1,4,0,3,basic,mobile,AR,0
43,899.16,0.91,44,14,0.925,11,0,1,11,1,24,pro,desktop,MX,0
14,280.3,0.851,6,10,0.792,1,0,3,2,0,14,pro,mobile,MX,0
11,142.31,0.429,8,6,0.745,9,0,2,5,0,40,pro,desktop,UY,0
5,49.5,0.501,15,10,0.547,10,0,0,9,2,29,basic,desktop,AR,1
28,650.55,0.963,4,19,0.774,18,0,3,1,0,3,basic,mobile,MX,0
45,860.18,0.648,10,0,0.509,21,0,2,3,0,27,free,mobile,AR,0
35,871.37,0.546,34,4,0.896,16,0,1,9,1,7,free,mobile,PE,0
52,922.04,0.744,0,9,0.763,12,0,1,3,1,25,pro,mobile,CO,0
20,191.38,0.801,17,6,0.576,15,0,1,11,4,10,pro,desktop,MX,1
16,380.75,0.486,18,12,0.821,4,0,0,6,2,33,free,desktop,CL,0
28,441.78,0.644,58,7,1.0,5,1,3,9,0,21,basic,mobile,MX,0
12,240.62,0.785,58,13,0.667,18,0,2,6,2,19,pro,mobile,MX,1
58,818.68,0.368,50,2,0.783,25,1,0,0,0,39,basic,mobile,AR,1
11,306.52,0.602,20,6,0.635,15,0,0,9,0,19,free,mobile,CO,0
28,356.74,0.377,31,13,0.713,1,0,2,5,1,10,free,mobile,CL,0
31,495.24,0.403,30,9,0.474,29,0,2,4,1,23,basic,desktop,AR,0
3,55.93,0.487,51,14,0.7,9,1,2,8,1,36,pro,mobile,MX,0
28,320.51,0.695,44,12,0.707,22,0,1,3,0,2,free,desktop,AR,1
27,539.54,0.536,54,6,0.97,26,0,1,5,1,12,basic,mobile,CO,0
15,415.07,0.47,33,8,0.431,29,2,1,7,2,26,pro,desktop,CL,0
7,105.4,0.61,55,19,0.658,3,0,2,7,2,10,pro,desktop,MX,1
2,40.74,0.371,44,19,0.893,5,0,2,8,0,33,pro,desktop,AR,1
0,0.0,0.686,44,0,0.664,19,0,0,0,0,2,pro,mobile,CO,1
28,497.46,0.826,39,14,0.674,22,0,0,11,2,11,basic,mobile,CO,0
5,80.61,0.584,20,9,0.575,25,0,3,7,2,26,pro,mobile,CO,0
57,746.07,0.559,36,0,0.56,16,0,2,7,0,38,basic,mobile,CL,0
14,342.84,0.675,21,12,0.426,4,1,0,10,1,15,basic,desktop,MX,0
39,625.66,0.194,38,0,0.606,21,0,1,5,0,11,free,tablet,MX,1
40,677.41,0.707,15,6,0.552,20,1,1,0,0,41,basic,desktop,AR,0
29,456.37,1.0,47,13,0.718,14,0,4,1,0,23,free,mobile,AR,0
53,344.45,0.575,34,16,0.582,19,0,0,11,1,9,pro,mobile,CL,0
6,67.25,0.576,42,8,0.628,6,0,1,11,0,39,free,desktop,CO,1
14,332.73,0.749,13,16,0.632,24,0,1,1,0,1,free,mobile,AR,0
15,80.1,0.929,47,16,0.693,1,0,1,8,3,33,pro,mobile,CO,0
8,107.22,0.795,48,8,0.621,25,0,1,7,0,40,pro,mobile,MX,0
17,265.23,0.169,8,3,0.541,25,0,1,1,0,25,pro,desktop,AR,1
18,512.31,0.713,21,13,0.713,20,1,2,9,3,41,basic,mobile,AR,0
45,1017.52,1.0,40,0,0.86,24,0,0,5,1,28,free,desktop,CL,0
18,263.83,0.724,52,17,0.719,27,0,1,2,1,26,free,mobile,AR,1
52,1343.01,0.369,44,7,0.609,4,0,0,6,1,4,pro,desktop,AR,0
46,623.62,0.656,28,15,0.682,16,0,0,10,3,8,pro,desktop,CO,0
54,1298.95,0.344,17,14,0.392,19,0,0,2,1,31,basic,desktop,UY,0
6,59.08,0.847,54,9,0.679,28,0,1,7,1,30,free,mobile,AR,0
59,1441.93,0.409,52,19,0.64,22,0,2,8,0,27,free,mobile,AR,1
36,560.28,0.615,53,15,0.56,17,0,0,7,0,9,basic,mobile,MX,1
58,686.08,0.428,18,17,0.587,16,1,3,7,0,3,free,mobile,UY,1
21,350.64,0.491,26,1,0.638,4,1,1,8,2,3,free,mobile,PE,0
57,1120.85,0.897,14,9,0.849,9,0,0,2,0,5,basic,desktop,PE,0
35,526.1,0.621,57,19,0.864,12,0,1,1,0,9,basic,mobile,CL,0
4,85.29,0.488,52,16,0.561,26,1,1,11,2,43,basic,tablet,UY,1
24,348.05,0.371,10,9,0.622,25,1,2,3,1,35,free,desktop,AR,1
8,173.78,0.226,14,1,0.626,19,0,1,11,2,8,free,desktop,AR,1
56,1156.59,0.35,33,5,0.821,3,2,1,3,0,13,free,desktop,CO,0
18,317.42,0.622,24,11,0.722,21,0,0,3,0,40,basic,mobile,MX,1
13,199.57,0.796,27,12,0.714,13,1,2,0,0,20,free,mobile,CO,1
33,624.01,0.488,22,18,0.78,19,2,2,5,1,12,pro,mobile,MX,1
25,532.54,0.914,40,1,0.611,12,0,0,11,1,14,free,desktop,PE,0
5,151.85,0.456,53,7,0.905,21,0,1,10,1,17,pro,mobile,AR,1
48,1134.55,0.552,55,5,0.7,6,2,1,3,1,24,free,mobile,AR,1
50,1192.8,0.384,27,19,0.572,4,1,1,4,0,24,basic,desktop,CO,0
44,1607.37,0.798,49,3,0.666,6,1,0,8,1,23,basic,mobile,CL,0
37,780.54,1.0,41,4,0.885,27,0,1,11,2,28,free,desktop,AR,0
24,501.79,0.248,11,5,0.636,2,0,3,7,2,13,basic,desktop,AR,0
32,711.17,0.531,47,2,0.842,8,0,1,2,0,22,free,mobile,CO,0
31,370.33,0.853,21,12,0.606,10,0,3,4,0,37,basic,desktop,PE,0
9,138.03,0.311,37,10,0.585,25,1,1,8,2,15,pro,mobile,CO,0
4,59.85,0.713,43,11,0.799,10,0,0,0,0,44,basic,mobile,CO,1
15,328.29,0.844,56,18,0.569,26,0,1,7,1,22,basic,desktop,CO,1
27,457.78,0.616,56,8,0.823,29,1,0,9,2,16,free,mobile,AR,1
9,169.46,0.71,48,6,0.753,19,0,2,4,0,31,basic,desktop,MX,0
6,147.15,0.952,30,7,0.569,10,0,2,6,0,17,basic,tablet,MX,0
51,1182.12,0.99,24,16,0.689,17,0,2,8,1,17,free,desktop,UY,0
22,374.65,0.588,26,10,0.618,20,0,1,7,0,16,free,mobile,AR,1
35,489.3,0.494,57,3,0.752,3,0,1,0,0,24,free,mobile,UY,1
31,769.16,0.416,12,13,0.983,24,0,0,7,0,1,free,mobile,CO,0
44,996.31,0.795,31,14,0.644,13,0,1,2,0,17,pro,mobile,AR,1
44,367.95,0.326,40,4,0.78,25,0,0,8,1,34,free,mobile,CL,1
17,274.06,0.549,1,11,0.704,18,0,1,3,1,14,free,mobile,AR,0
50,949.65,0.621,38,11,0.704,25,0,1,11,2,24,free,desktop,MX,0
22,498.81,0.499,15,3,0.675,2,0,1,1,0,13,free,mobile,CL,1
50,1173.03,0.656,16,0,0.571,1,0,3,10,2,42,basic,mobile,CO,0
24,472.88,1.0,37,14,0.75,3,0,2,0,0,10,free,desktop,MX,0
6,129.07,0.576,0,12,0.657,26,0,3,8,1,34,free,mobile,CO,1
45,827.32,0.513,9,14,0.564,29,0,1,4,1,34,free,mobile,AR,0
1,13.96,0.803,27,7,0.852,29,0,3,2,0,18,pro,mobile,PE,0
46,755.89,0.648,35,10,0.715,9,0,4,2,0,44,basic,mobile,PE,0
2,36.23,0.888,6,19,0.666,7,0,2,0,0,44,basic,mobile,MX,0
12,213.5,0.633,21,4,0.901,10,0,0,1,0,1,free,mobile,AR,0
36,240.72,0.55,18,13,0.425,24,0,2,4,1,25,free,mobile,UY,0
56,874.45,0.243,32,2,0.891,7,0,1,1,0,8,pro,mobile,CO,0
24,440.09,0.276,18,1,0.568,16,1,1,11,0,44,free,mobile,PE,1
7,114.18,0.233,0,19,0.732,19,0,1,9,1,43,basic,desktop,AR,1
13,214.75,0.676,31,2,0.612,10,0,1,5,0,19,free,desktop,PE,1
53,1109.18,0.328,50,13,0.562,14,1,4,1,0,15,free,mobile,AR,1
43,495.63,0.851,35,10,0.897,19,0,0,11,3,36,basic,desktop,CL,0
6,49.39,0.606,21,16,0.978,23,1,0,8,0,17,basic,desktop,CO,1
23,365.95,0.551,28,10,0.667,5,0,0,2,1,32,free,desktop,CL,1
15,338.77,0.431,8,13,0.75,15,0,0,0,0,29,basic,mobile,AR,0
10,281.25,0.724,14,17,0.709,4,0,2,7,1,12,basic,mobile,CL,1
50,1134.64,0.439,26,16,0.96,0,1,3,0,0,15,basic,mobile,AR,0
37,340.05,0.403,35,14,0.383,19,0,4,7,1,41,pro,mobile,MX,1
10,166.06,0.838,29,3,0.757,14,0,2,5,0,22,basic,tablet,AR,0
39,762.05,0.671,57,3,0.591,7,1,1,10,3,18,free,tablet,CL,1
24,457.57,0.553,38,9,0.347,1,0,0,4,0,40,free,mobile,MX,1
3,63.71,0.728,1,13,0.646,28,1,2,5,0,25,basic,tablet,UY,0
26,324.94,0.602,31,13,0.977,24,1,1,6,0,25,free,desktop,CL,0
11,202.29,0.677,34,15,0.602,28,0,4,11,3,17,pro,desktop,CL,0
14,287.31,0.437,2,2,0.819,3,2,3,8,2,30,pro,desktop,UY,1
52,1193.61,1.0,23,3,0.88,0,0,2,8,0,1,free,mobile,PE,0
42,552.96,0.484,52,2,0.698,6,1,2,3,1,9,pro,mobile,MX,1
8,127.43,0.911,21,10,0.718,3,0,1,5,0,36,free,desktop,MX,0
51,153.0,0.562,27,12,0.443,13,0,1,2,0,11,free,mobile,AR,1
34,485.22,0.761,13,2,0.593,19,1,0,4,0,44,pro,desktop,MX,0
52,772.38,0.747,4,17,0.836,5,1,0,9,2,40,pro,desktop,PE,0
44,522.83,0.829,19,6,0.709,11,1,1,1,0,17,basic,desktop,UY,0
20,379.87,0.432,46,13,0.755,16,0,1,1,0,41,pro,mobile,AR,1
32,565.26,0.815,58,15,0.72,9,0,0,7,1,32,free,desktop,AR,1
31,137.79,0.969,39,0,1.0,13,0,2,9,1,36,basic,mobile,PE,0
43,829.6,0.548,49,17,0.635,17,0,1,11,0,21,pro,desktop,PE,0
14,174.02,0.607,38,19,0.941,28,0,2,7,0,5,pro,mobile,CO,0
19,397.37,0.495,39,19,0.72,9,0,0,7,2,24,basic,desktop,AR,1
14,144.32,0.531,25,2,0.954,2,0,3,3,1,36,free,desktop,CO,0
17,309.06,0.942,3,7,0.516,26,0,2,4,1,4,pro,mobile,CL,1
9,146.71,0.399,24,4,0.728,17,0,1,3,1,0,free,mobile,AR,1
2,39.64,0.412,51,9,0.641,14,0,2,1,0,36,pro,mobile,AR,1
56,1049.9,0.922,32,19,0.721,21,0,2,4,1,26,free,desktop,AR,0
4,65.88,0.725,45,15,0.883,29,0,1,2,0,23,free,desktop,MX,0
53,465.47,1.0,3,15,0.757,3,0,0,7,2,30,free,desktop,AR,0
0,0.0,0.51,12,8,0.883,25,2,1,9,2,30,basic,mobile,CL,0
46,666.85,0.625,17,18,0.599,19,0,3,11,3,19,free,mobile,AR,0
19,341.06,0.468,21,18,0.577,17,0,2,10,1,27,basic,mobile,CL,1
31,444.87,0.629,59,16,0.702,25,1,3,3,1,21,pro,mobile,UY,0
16,348.02,0.245,27,16,0.694,9,2,3,11,4,9,free,desktop,CO,1
29,473.42,0.737,39,13,0.672,23,0,2,11,2,33,basic,mobile,AR,1
27,329.67,0.665,38,1,0.556,17,0,2,6,2,16,basic,mobile,MX,1
31,506.27,0.588,25,5,0.88,28,0,0,2,0,40,basic,desktop,AR,0
23,445.17,0.522,57,15,0.646,14,0,0,9,0,17,basic,mobile,CL,1
32,638.38,0.421,13,6,0.914,21,0,1,1,0,8,pro,desktop,AR,1
49,1434.24,0.746,2,3,0.702,14,0,0,4,0,37,basic,mobile,PE,0
26,363.65,0.366,44,18,0.797,11,1,2,6,2,6,basic,mobile,AR,0
21,368.74,0.702,39,9,0.784,11,0,3,10,3,44,free,mobile,PE,1
7,143.9,1.0,15,17,0.576,27,1,3,11,2,28,basic,mobile,CO,0
21,375.05,0.897,52,5,0.755,25,0,1,9,2,21,free,desktop,AR,1
7,104.97,0.299,9,7,0.989,6,0,2,5,1,10,basic,desktop,PE,0
10,87.04,0.493,15,6,0.738,25,0,1,1,0,9,basic,mobile,CL,0
57,851.29,0.684,9,7,0.835,17,0,1,9,1,8,pro,mobile,MX,1
5,57.79,0.586,11,8,0.804,3,1,2,10,0,37,basic,mobile,CO,0
28,213.93,0.32,43,5,0.746,22,0,1,5,1,9,basic,desktop,AR,1
50,661.3,0.677,42,16,0.728,4,1,2,6,1,1,free,mobile,AR,1
57,667.89,0.598,38,6,0.782,26,1,0,10,4,8,basic,desktop,PE,0
8,172.02,0.983,51,8,0.814,13,0,0,1,0,27,pro,desktop,AR,0
9,194.46,0.549,4,17,0.497,27,0,2,9,2,21,basic,desktop,PE,0
22,276.69,0.834,37,8,0.737,14,0,1,6,1,16,free,mobile,AR,0
33,542.47,0.347,6,0,0.672,2,1,1,8,2,43,basic,mobile,CL,0
57,390.48,0.394,57,0,0.641,23,0,1,2,0,15,free,mobile,CL,1
12,180.41,0.744,38,8,0.894,21,0,1,7,1,37,basic,desktop,CL,1
9,183.55,0.817,45,12,0.59,9,0,1,3,1,5,free,desktop,UY,1
15,344.24,0.409,34,18,0.491,6,0,2,6,1,24,basic,mobile,AR,0
52,713.53,0.605,23,2,0.819,25,0,0,6,1,5,pro,mobile,MX,0
1,24.31,0.324,41,10,0.487,23,0,2,11,2,3,free,mobile,AR,1
22,195.93,0.564,50,5,0.411,8,1,0,8,2,30,basic,mobile,AR,0
7,73.6,0.767,10,9,0.836,21,0,2,6,2,30,free,desktop,AR,1
9,200.32,0.513,52,8,0.724,7,0,1,4,1,25,free,mobile,MX,1
55,1541.47,0.55,43,6,0.771,5,1,0,4,0,20,basic,desktop,MX,0
0,0.0,0.374,5,0,0.634,19,0,3,7,1,12,basic,mobile,AR,0
19,337.4,0.47,56,1,0.492,24,0,0,10,1,35,pro,desktop,UY,1
54,260.76,0.952,10,10,0.522,27,0,2,6,0,8,free,mobile,AR,1
36,211.15,0.615,36,4,0.659,13,0,0,7,1,22,free,desktop,PE,1
4,75.11,0.4,7,6,0.509,4,0,1,3,1,42,basic,desktop,AR,0
27,427.99,0.537,11,1,0.746,16,1,2,6,2,30,basic,mobile,MX,0
58,659.17,0.281,38,0,0.631,20,1,2,6,0,38,basic,mobile,AR,0
24,441.44,0.397,40,2,0.728,29,0,2,8,1,9,pro,tablet,MX,0
31,579.41,0.872,41,7,0.723,3,0,1,3,1,1,pro,desktop,PE,0
31,733.66,0.572,20,3,0.758,19,0,2,4,0,37,free,mobile,CO,1
39,733.96,0.978,49,4,0.775,15,1,0,4,1,25,pro,desktop,AR,1
11,279.07,0.581,2,6,0.648,17,1,1,5,2,35,pro,mobile,CO,1
50,902.4,0.593,51,5,0.728,2,0,2,3,0,37,free,mobile,CL,0
59,1021.17,0.728,18,0,0.735,0,0,5,2,0,16,free,desktop,AR,0
8,195.09,0.065,37,2,0.336,18,0,1,6,2,4,pro,tablet,MX,1
49,594.34,0.641,54,19,0.797,5,0,2,10,1,43,basic,mobile,PE,1
49,1709.45,0.59,15,13,0.722,18,1,0,0,0,13,free,mobile,AR,0
44,891.07,0.897,24,2,0.785,0,0,2,7,1,7,basic,mobile,MX,0
22,446.27,0.793,49,5,0.507,24,1,1,9,3,25,basic,desktop,PE,1
28,592.22,0.373,51,7,0.653,9,1,1,9,2,0,pro,desktop,MX,0
50,1463.14,0.848,14,18,0.536,13,0,0,10,3,2,pro,desktop,CL,0
9,204.8,0.548,30,17,0.812,10,0,1,3,1,34,pro,mobile,AR,1
49,410.11,0.419,19,15,0.489,12,1,2,1,0,3,basic,mobile,AR,0
55,1453.15,0.639,31,2,0.561,15,1,0,11,1,27,pro,mobile,AR,0
40,638.18,0.559,22,9,0.78,19,1,0,8,2,20,free,mobile,MX,0
20,372.86,0.908,0,9,0.606,20,1,1,4,1,4,basic,mobile,AR,0
33,340.71,0.668,55,12,0.561,29,0,2,10,1,42,pro,mobile,CL,1
3,63.47,0.641,38,16,0.836,5,1,0,4,1,7,pro,desktop,MX,1
55,775.05,0.78,27,6,0.842,26,0,0,8,1,29,basic,desktop,AR,0
20,372.02,0.819,6,11,0.808,18,0,0,11,2,5,free,desktop,CO,0
3,48.89,0.757,4,5,0.827,9,0,1,9,2,26,free,mobile,MX,0
47,1388.85,0.884,28,4,0.665,27,0,1,7,0,7,basic,desktop,MX,0
39,1165.85,0.722,38,6,0.669,21,0,2,2,0,39,free,mobile,CL,0
37,676.33,0.634,15,14,0.603,5,0,1,11,4,20,free,mobile,AR,1
3,55.15,0.848,44,8,0.725,5,0,4,5,0,0,pro,desktop,MX,1
45,709.17,0.582,23,13,0.621,19,1,2,7,1,2,free,desktop,CO,0
38,936.17,0.607,0,13,0.635,21,1,1,7,0,24,basic,mobile,CO,0
47,753.24,0.944,32,7,0.79,1,0,2,2,0,23,free,desktop,CO,0
49,758.13,0.924,10,19,0.878,18,0,3,7,0,14,free,mobile,AR,0
12,286.46,0.598,0,0,0.76,15,0,1,4,1,27,free,desktop,CO,0
12,177.24,0.509,7,17,0.969,29,0,2,4,0,35,free,desktop,AR,1
55,977.54,0.893,17,0,0.594,22,0,1,10,3,32,basic,desktop,AR,0
31,263.88,0.76,30,7,0.424,27,0,1,8,1,33,basic,mobile,AR,1
26,577.85,0.663,59,16,0.807,1,0,0,5,1,42,basic,mobile,PE,1
17,503.97,0.536,13,13,0.584,22,0,2,0,0,9,pro,mobile,MX,0
38,848.44,0.666,3,6,0.659,10,1,1,8,0,3,basic,desktop,PE,0
45,1204.69,0.596,11,17,0.435,16,0,1,8,1,5,basic,tablet,MX,0
0,0.0,0.467,19,2,0.565,26,0,0,1,0,1,basic,desktop,PE,1
33,640.79,0.626,12,13,0.475,26,0,0,9,2,13,basic,desktop,MX,0
59,728.12,0.653,19,10,0.635,6,0,0,4,0,6,free,desktop,MX,1
16,266.13,0.525,58,4,0.641,7,0,0,8,1,41,pro,desktop,AR,0
16,362.13,0.781,22,18,0.713,21,1,5,10,2,15,basic,mobile,MX,0
52,967.77,0.858,38,15,0.886,26,1,1,8,2,9,basic,mobile,MX,0
3,28.57,0.794,41,0,0.802,18,1,0,11,1,23,basic,mobile,AR,1
23,232.53,0.545,7,1,0.457,1,0,3,0,0,19,pro,mobile,AR,1
27,262.25,0.751,14,1,0.791,4,0,1,3,0,0,basic,mobile,AR,1
47,984.59,0.616,24,8,0.717,22,0,2,0,0,43,basic,tablet,AR,0
7,212.68,0.353,27,8,0.685,22,0,3,2,0,31,basic,desktop,MX,0
26,680.54,0.735,0,14,0.697,26,0,0,4,0,37,pro,desktop,MX,0
9,59.62,0.629,38,13,0.731,15,0,3,0,0,43,free,desktop,PE,1
47,1246.74,1.0,18,0,0.596,12,1,0,4,1,39,pro,desktop,CL,0
37,873.88,0.891,19,9,0.673,3,0,3,1,0,11,pro,desktop,CO,0
29,253.12,0.742,36,15,0.878,23,0,1,1,0,34,free,mobile,MX,0
23,372.16,0.65,56,17,0.594,28,0,2,10,0,0,free,desktop,MX,1
9,221.16,0.633,51,5,0.546,1,0,1,8,2,16,pro,mobile,AR,1
55,1171.64,0.399,58,0,0.691,14,1,1,5,0,33,free,desktop,CL,0
38,385.53,0.252,24,3,0.53,10,0,0,6,0,31,free,mobile,AR,1
19,411.62,0.425,7,6,0.442,22,0,1,3,0,34,free,mobile,MX,0
24,124.2,0.59,12,8,0.648,22,1,4,5,1,34,free,mobile,AR,0
43,716.51,0.179,20,7,0.917,6,0,1,9,1,1,basic,desktop,MX,1
43,1067.59,0.491,18,1,0.694,28,0,0,6,1,26,pro,desktop,PE,0
27,488.98,0.55,12,6,0.727,4,0,1,9,2,27,basic,mobile,MX,1
18,270.11,0.557,9,5,0.38,23,1,1,5,1,6,free,mobile,AR,0
39,910.11,0.468,11,9,0.766,22,1,1,4,1,10,basic,desktop,CL,0
39,930.09,0.532,39,1,0.714,4,0,3,10,1,21,free,mobile,MX,0
35,905.11,0.945,29,15,0.6,20,0,1,10,1,28,basic,desktop,PE,0
4,92.98,0.732,2,8,0.727,8,0,0,2,0,38,basic,desktop,CO,0
28,685.67,0.488,33,6,0.726,8,0,1,5,1,32,pro,desktop,AR,0
36,806.31,0.586,50,18,0.541,2,1,2,9,1,43,pro,mobile,PE,0
57,1116.81,0.594,25,14,0.75,22,0,2,3,0,10,basic,desktop,AR,0
31,574.65,0.446,19,2,0.88,24,0,2,8,2,17,basic,tablet,AR,0
20,331.53,0.446,16,2,0.666,15,0,2,10,1,11,basic,mobile,AR,0
33,353.95,0.802,22,0,0.57,23,0,2,2,0,40,basic,desktop,AR,0
10,122.68,0.516,16,11,0.673,10,0,0,1,0,27,pro,mobile,CL,0
5,81.54,0.381,55,7,0.828,16,0,3,11,0,22,pro,tablet,AR,0
40,777.95,0.591,59,7,0.516,23,0,2,11,1,26,pro,mobile,AR,1
59,1572.05,0.624,20,10,0.787,12,1,2,10,2,14,basic,mobile,AR,0
50,887.46,0.205,55,10,0.598,18,1,2,7,0,39,basic,mobile,PE,0
35,840.73,0.592,51,0,0.736,4,0,1,1,0,27,basic,tablet,CO,0
2,48.95,0.774,4,2,0.615,15,0,4,10,0,22,free,mobile,MX,0
59,980.07,0.69,29,15,0.615,25,1,0,2,0,31,basic,mobile,CO,0
26,560.77,1.0,39,19,0.928,23,0,2,2,0,35,pro,mobile,MX,0
17,281.16,0.85,25,16,0.489,9,2,0,8,3,17,pro,desktop,AR,0
53,1374.44,0.89,27,18,0.773,16,1,1,4,1,32,pro,mobile,PE,0
44,959.86,1.0,29,9,0.96,18,0,2,10,0,35,basic,desktop,CL,0
44,477.71,0.752,41,16,0.803,28,0,1,10,3,29,basic,desktop,CL,1
16,303.51,0.633,17,17,0.5,24,1,0,9,3,5,basic,desktop,PE,1
59,1645.43,0.795,35,17,0.508,24,1,1,10,0,8,basic,desktop,AR,0
27,456.64,0.488,14,2,0.587,22,0,3,6,1,1,free,desktop,AR,1
31,641.27,0.622,53,2,0.724,10,0,2,10,2,12,basic,mobile,PE,1
45,957.39,0.47,5,8,0.734,11,1,1,10,1,7,free,mobile,CL,1
39,459.43,0.68,4,10,0.509,13,1,0,3,0,25,basic,mobile,CL,0
10,210.64,0.47,2,19,0.569,12,0,1,5,1,40,pro,mobile,UY,1
18,173.47,0.463,20,6,0.578,28,1,5,7,1,2,basic,mobile,PE,0
21,299.17,0.683,36,16,0.673,26,0,4,10,3,12,free,mobile,PE,0
56,1369.44,0.572,59,17,0.998,26,0,1,4,1,2,basic,desktop,AR,0
42,845.9,0.214,27,19,0.56,18,0,1,3,0,3,basic,desktop,PE,0
21,339.64,0.309,10,3,0.553,5,0,1,3,0,2,basic,mobile,MX,0
44,909.87,0.371,22,4,0.53,4,0,2,9,2,27,free,desktop,MX,0
44,776.14,0.423,7,4,0.795,8,0,3,6,1,41,basic,desktop,AR,0
23,415.74,0.683,28,14,0.694,19,2,2,3,0,32,pro,tablet,MX,1
24,526.58,0.644,43,13,0.566,10,1,2,8,1,30,free,mobile,AR,1
53,722.7,0.813,2,8,0.646,19,0,4,7,1,7,basic,desktop,PE,0
33,601.99,0.751,46,1,0.581,26,1,2,6,0,37,pro,mobile,MX,0
8,129.01,0.814,13,10,0.744,10,1,3,7,2,26,pro,mobile,MX,0
43,364.91,0.722,40,14,1.0,27,0,2,2,0,43,pro,desktop,AR,0
35,436.7,0.642,48,9,0.783,15,0,3,2,0,17,pro,mobile,CL,1
30,822.28,0.82,46,5,0.686,24,1,3,9,1,31,basic,mobile,MX,0
43,873.26,0.784,40,11,0.6,1,0,3,8,1,21,basic,desktop,CO,1
54,543.16,0.675,41,13,0.498,8,0,1,11,3,23,free,mobile,MX,1
19,166.4,0.854,11,11,0.81,27,0,0,11,1,4,free,mobile,AR,1
25,433.18,0.131,8,17,0.802,26,0,3,4,1,21,basic,mobile,CL,0
11,301.04,0.542,22,6,0.63,17,1,1,5,0,7,free,desktop,AR,1
38,641.42,0.539,36,12,0.882,0,0,0,10,2,33,free,desktop,MX,0
24,620.21,0.831,37,17,0.703,1,0,1,0,0,31,pro,tablet,CL,1
20,402.23,0.914,46,4,0.816,12,0,0,10,3,39,free,mobile,AR,1
41,853.93,0.31,18,5,0.744,26,0,1,2,0,20,free,mobile,AR,0
24,239.66,0.882,51,0,0.673,11,1,1,3,0,37,basic,mobile,MX,1
27,637.88,0.366,26,7,0.557,26,0,0,5,0,40,free,mobile,MX,1
26,415.75,0.372,14,0,0.678,16,0,2,8,1,22,basic,mobile,AR,1
15,347.68,0.553,44,14,0.826,4,2,0,4,1,42,free,desktop,MX,1
7,91.8,0.536,7,1,0.624,16,0,2,11,0,34,pro,mobile,CL,1
49,934.05,0.288,24,13,0.766,10,0,0,9,1,13,basic,mobile,AR,0
5,100.56,0.73,46,11,0.538,6,1,1,8,2,21,basic,desktop,AR,1
19,324.44,0.736,46,19,0.817,20,0,0,9,1,4,free,desktop,AR,1
40,817.09,0.811,15,6,0.747,6,1,3,0,0,17,basic,desktop,CO,0
7,114.81,0.513,9,6,0.52,27,0,0,9,0,16,free,mobile,AR,1
39,550.12,0.592,1,4,0.666,24,0,3,7,1,13,basic,mobile,UY,0
43,1188.21,0.594,5,10,0.84,23,1,0,2,0,15,free,mobile,MX,0
39,947.45,0.938,49,4,0.511,2,1,2,9,1,2,free,mobile,CO,1
18,241.83,0.033,47,2,0.539,28,1,1,1,0,20,free,mobile,UY,1
1,21.41,0.409,30,18,0.69,14,0,3,7,1,9,free,desktop,AR,1
53,717.83,0.601,34,13,1.0,21,0,3,6,1,10,free,mobile,MX,0
19,206.95,0.383,19,2,0.599,5,0,2,0,0,32,free,mobile,AR,1
48,1161.74,0.548,11,12,0.774,23,1,4,4,1,39,pro,mobile,AR,0
11,85.53,0.575,0,6,0.739,9,0,1,1,0,7,basic,desktop,CO,0
9,212.05,0.468,40,3,0.612,21,2,0,11,2,25,basic,mobile,AR,1
46,758.25,0.613,2,9,0.724,8,0,3,9,3,40,free,mobile,PE,0
56,936.92,0.726,6,15,0.633,27,2,0,11,3,27,free,desktop,CO,0
51,1043.38,0.553,47,0,0.646,21,1,1,5,1,3,pro,mobile,MX,0
45,966.92,0.509,34,7,0.451,13,1,0,3,1,34,free,desktop,MX,0
14,182.59,0.567,29,18,0.696,13,0,2,11,2,2,pro,mobile,PE,1
54,1204.54,0.599,13,7,0.835,0,0,1,3,0,27,basic,desktop,AR,0
40,747.21,0.252,8,1,0.709,8,0,1,4,0,21,basic,mobile,CO,0
10,104.64,0.692,27,8,0.864,23,0,0,1,0,23,basic,mobile,AR,1
7,118.87,0.51,21,13,0.787,24,0,2,9,2,10,pro,mobile,AR,1
52,1366.96,0.852,32,19,0.691,29,1,6,1,0,39,pro,desktop,AR,0
16,448.95,0.718,9,12,0.606,2,0,0,0,0,4,basic,mobile,AR,0
45,1003.68,0.834,13,1,0.627,7,0,5,9,1,42,free,desktop,AR,0
8,86.86,0.398,6,16,0.479,22,0,1,10,2,2,basic,mobile,CO,1
16,335.1,0.526,25,15,0.66,10,0,1,10,0,13,free,desktop,MX,1
17,392.79,0.352,16,13,0.722,7,0,0,10,4,23,basic,mobile,PE,1
16,357.67,0.459,13,17,0.957,8,0,1,1,0,23,basic,mobile,CO,0
40,908.39,0.85,32,15,0.779,27,0,3,4,1,11,free,desktop,PE,0
54,1089.7,0.897,29,4,0.57,25,1,3,9,1,12,pro,mobile,PE,0
54,948.54,0.37,12,8,0.484,0,0,3,3,0,25,pro,desktop,CO,0
44,631.39,0.508,41,10,0.669,25,2,2,9,1,0,free,desktop,AR,0
12,79.35,0.585,20,9,0.822,16,1,1,10,0,6,free,mobile,AR,1
57,1142.16,0.717,20,12,0.667,25,1,1,11,0,17,basic,desktop,CL,0
32,611.72,0.248,28,14,0.781,18,0,3,9,2,1,free,mobile,AR,0
32,683.05,0.279,8,2,0.673,20,0,1,9,2,3,free,desktop,PE,1
42,418.94,0.698,25,11,0.808,17,1,1,7,0,1,pro,desktop,MX,0
46,1006.02,0.21,34,0,0.46,22,0,2,0,0,36,free,mobile,PE,0
57,1728.65,0.511,7,10,0.941,24,0,0,5,1,5,free,mobile,AR,0
34,628.0,0.632,33,8,0.533,15,0,1,11,1,8,basic,desktop,PE,0
36,634.68,0.683,2,4,0.819,3,0,4,10,2,35,free,mobile,AR,0
44,873.58,0.572,36,19,0.659,2,1,2,2,1,19,pro,mobile,CL,0
15,452.91,0.527,2,5,0.683,12,0,3,8,0,20,pro,desktop,PE,0
18,213.45,0.769,10,1,0.664,14,0,3,3,1,29,basic,mobile,CL,0
37,711.11,0.657,21,7,0.738,25,1,4,5,1,28,free,mobile,CO,0
3,39.61,0.471,36,15,0.769,0,0,3,7,2,18,pro,tablet,AR,1
19,279.64,0.608,43,0,0.859,26,0,1,5,1,39,basic,desktop,PE,1
43,761.21,0.677,28,9,0.911,1,2,1,7,1,10,basic,desktop,MX,0
58,1512.87,0.944,7,8,0.75,14,0,2,1,0,9,basic,mobile,CO,0
31,892.98,0.757,23,17,0.957,12,0,3,3,1,23,basic,tablet,MX,0
23,475.84,0.843,47,0,0.714,16,0,2,9,1,39,free,mobile,MX,0
26,409.25,0.478,5,0,0.862,1,0,1,7,1,40,basic,mobile,MX,0
41,1351.21,0.495,42,11,0.764,22,1,1,10,1,33,basic,mobile,MX,0
32,493.91,0.553,23,3,0.618,4,1,2,11,3,0,basic,desktop,MX,1
1,14.57,0.571,0,14,0.727,23,0,0,4,1,32,basic,mobile,AR,0
32,235.21,0.398,41,5,0.775,17,0,1,3,0,7,basic,mobile,CO,1
24,633.04,0.853,1,11,0.695,26,0,1,3,0,39,pro,mobile,AR,0
42,1000.0,0.777,22,0,0.762,29,1,0,6,1,5,basic,desktop,AR,0
52,1690.36,0.539,11,13,0.83,25,0,1,3,0,5,free,mobile,MX,0
57,550.78,0.728,35,10,0.696,13,1,2,4,1,23,basic,desktop,MX,0
36,962.96,0.645,3,0,0.258,12,0,0,2,0,24,pro,mobile,CO,0
21,386.84,0.744,5,5,0.952,19,1,2,4,0,15,free,mobile,UY,1
26,593.75,0.331,31,1,0.655,19,0,1,11,0,21,pro,mobile,CL,1
10,81.13,0.571,59,0,0.577,23,0,2,5,1,32,pro,tablet,UY,1
56,1501.28,0.588,2,13,0.531,14,0,2,9,2,29,basic,desktop,MX,0
50,1135.96,0.725,27,8,0.65,13,0,2,5,1,32,free,mobile,AR,0
51,906.09,0.474,48,16,0.616,3,1,2,5,0,10,basic,mobile,MX,0
19,415.54,0.1,17,5,0.589,5,1,0,7,1,25,basic,mobile,AR,0
19,254.73,0.384,29,14,0.598,24,0,1,1,0,5,free,mobile,UY,1
51,740.69,0.588,50,12,0.779,29,0,2,4,1,10,free,desktop,CL,0
32,487.02,0.613,43,13,1.0,18,0,0,1,0,43,basic,mobile,AR,1
42,289.11,0.937,17,16,0.823,10,0,4,2,1,1,basic,desktop,MX,0
29,671.95,0.717,45,14,0.868,1,1,0,8,2,20,basic,mobile,AR,1
26,653.89,0.616,40,14,0.643,1,1,0,2,0,22,basic,mobile,AR,1
37,510.3,0.594,30,14,0.716,20,1,1,2,0,10,basic,mobile,AR,0
48,964.28,0.821,26,8,0.764,19,0,0,6,1,2,basic,mobile,PE,0
20,328.14,0.482,55,14,0.601,8,0,4,4,0,5,basic,desktop,AR,1
48,958.54,0.572,52,16,0.636,5,0,2,1,0,32,free,mobile,MX,0
14,199.28,0.382,59,14,0.828,2,0,1,11,2,26,basic,desktop,CL,1
24,304.79,0.884,40,12,0.864,20,1,2,11,4,25,free,mobile,PE,1
54,1312.87,0.678,21,1,0.71,18,0,1,6,0,6,pro,mobile,PE,0
57,1004.16,0.458,6,8,0.521,9,1,1,6,2,24,basic,mobile,PE,0
55,1657.3,0.577,7,1,0.656,21,0,0,9,1,8,pro,mobile,CL,0
18,329.0,0.702,57,2,0.484,25,0,0,11,2,14,basic,mobile,CL,1
50,622.18,0.55,21,7,0.711,15,1,1,1,0,42,free,mobile,PE,0
56,1420.25,0.493,6,9,0.738,7,0,2,1,0,20,free,tablet,AR,0
58,1263.52,0.469,13,10,0.659,0,0,2,3,1,1,free,desktop,AR,0
1,22.36,0.668,1,18,0.736,23,2,1,3,1,26,basic,mobile,PE,1
44,1106.32,0.528,31,15,0.763,17,1,1,10,1,8,pro,desktop,AR,0
59,830.91,0.509,35,8,0.739,10,1,1,6,1,0,free,mobile,AR,0
45,775.64,0.333,22,6,0.52,0,0,0,9,0,30,basic,desktop,AR,0
13,220.63,0.616,44,14,0.662,24,1,2,8,1,28,free,desktop,AR,1
45,461.5,0.564,28,5,0.761,27,0,0,8,2,9,basic,mobile,UY,0
6,98.51,0.536,57,17,0.937,14,1,4,11,2,33,basic,tablet,AR,1
28,728.51,0.64,45,15,0.659,8,0,0,7,2,8,free,mobile,CL,1
37,718.69,0.75,4,13,0.783,18,0,1,9,3,22,free,mobile,AR,0
27,267.94,0.74,16,4,0.832,26,0,2,3,0,25,basic,desktop,CL,0
41,355.26,0.711,45,12,0.671,17,0,1,3,0,5,basic,desktop,CO,0
14,391.84,0.552,32,16,0.872,0,0,1,7,2,31,basic,mobile,MX,1
36,628.49,0.487,45,1,0.88,5,0,1,10,3,22,basic,mobile,MX,0
38,536.39,0.391,20,3,0.907,2,1,5,0,0,19,free,mobile,CL,1
38,621.53,0.481,2,10,0.769,12,0,4,6,1,33,pro,mobile,AR,1
17,155.31,0.604,47,7,1.0,13,0,1,2,0,35,pro,mobile,CL,1
18,477.69,0.443,47,14,0.608,16,0,2,10,1,22,basic,mobile,PE,0
15,234.63,0.619,38,8,1.0,22,0,0,6,0,36,basic,tablet,PE,0
27,707.52,0.407,24,19,0.815,3,0,1,0,0,2,basic,desktop,AR,0
35,640.85,0.268,0,5,0.901,28,0,1,0,0,28,pro,tablet,PE,0
21,558.12,0.764,43,7,0.652,7,0,1,7,1,12,free,mobile,PE,1
24,468.96,0.505,39,0,0.827,15,0,4,2,0,26,basic,mobile,CO,1
17,393.03,0.433,40,4,0.914,6,0,0,0,0,28,free,mobile,CO,1
13,290.09,0.381,10,4,0.537,10,1,0,1,0,36,pro,desktop,UY,1
39,847.85,0.685,43,15,0.676,24,1,1,1,0,25,pro,desktop,AR,0
48,964.21,0.875,43,6,0.379,1,0,3,4,0,0,free,mobile,AR,0
17,282.25,0.519,51,4,0.673,14,0,2,8,1,44,basic,desktop,UY,0
51,1504.12,0.557,34,6,0.578,17,0,1,10,1,22,basic,mobile,MX,0
34,426.98,0.814,43,11,0.667,17,0,3,6,0,5,basic,mobile,MX,0
10,180.26,0.238,24,15,1.0,11,0,0,11,1,5,free,mobile,AR,0
21,379.88,0.993,41,19,0.958,11,0,0,9,2,1,basic,mobile,AR,0
0,0.0,1.0,41,0,0.484,27,0,1,1,0,9,basic,mobile,UY,1
2,30.85,0.059,46,16,0.783,7,0,2,8,2,12,pro,tablet,AR,1
20,397.77,0.58,51,7,0.82,14,0,1,2,0,42,basic,mobile,MX,1
27,458.65,0.456,0,16,0.649,10,0,1,11,2,36,basic,mobile,AR,0
47,399.89,0.547,46,0,0.727,22,0,2,10,2,0,free,mobile,UY,0
8,144.46,0.516,47,12,0.741,24,0,1,0,0,15,free,mobile,AR,0
50,569.83,0.762,32,18,0.498,25,0,1,2,1,13,basic,desktop,PE,1
14,106.31,0.577,31,0,0.545,2,0,4,5,1,20,basic,desktop,AR,0
8,150.57,0.418,43,15,0.726,2,0,3,8,2,6,pro,mobile,UY,1
41,858.02,0.566,27,2,0.715,11,1,1,6,0,12,basic,tablet,AR,1
46,973.37,0.703,24,19,0.594,13,0,0,1,0,25,free,mobile,PE,1
36,770.51,0.363,48,14,0.581,1,0,1,7,0,23,free,desktop,MX,1
6,38.43,0.271,47,18,0.687,26,0,1,7,2,37,basic,mobile,AR,1
6,59.0,0.999,12,17,0.833,26,0,0,11,1,41,free,desktop,AR,1
23,686.35,0.472,49,6,0.689,12,1,2,3,0,17,free,desktop,CO,1
27,316.35,0.573,19,8,0.943,23,0,2,0,0,36,free,mobile,MX,0
59,1278.24,0.52,8,13,0.596,16,1,1,8,1,37,basic,mobile,AR,0
17,235.93,0.71,52,3,0.729,19,0,2,8,1,15,free,mobile,AR,1
11,203.26,0.955,14,6,0.647,26,0,1,6,2,19,pro,mobile,PE,0
56,795.23,0.716,12,1,0.788,2,0,1,8,2,28,pro,mobile,MX,0
9,192.32,0.296,16,17,0.583,6,1,2,2,0,40,free,mobile,MX,1
1,18.82,0.323,29,4,0.989,12,1,1,1,0,34,pro,mobile,CL,0
25,382.76,0.52,9,8,0.446,26,1,2,4,0,38,basic,mobile,AR,0
24,280.78,0.546,9,9,0.957,17,1,1,10,0,35,pro,desktop,AR,0
37,725.45,0.256,23,7,0.713,11,0,2,6,0,8,basic,mobile,AR,1
52,557.63,0.764,13,15,0.783,0,0,0,7,1,9,free,mobile,UY,1
55,1131.07,0.383,11,18,0.9,17,0,1,11,1,39,free,mobile,AR,0
17,573.9,0.899,54,11,0.829,8,0,1,3,0,20,pro,tablet,CL,0
58,1513.86,0.964,35,16,0.59,9,0,0,5,0,8,pro,mobile,AR,0
37,825.47,0.55,0,2,0.79,29,0,1,8,1,13,basic,mobile,AR,0
4,69.95,0.688,6,19,0.98,15,1,2,1,0,22,basic,mobile,MX,1
56,356.58,0.354,48,2,0.567,4,1,2,4,1,25,basic,mobile,MX,1
8,80.53,0.725,16,1,1.0,1,1,0,6,1,8,pro,tablet,CO,0
35,899.39,0.5,9,0,0.758,11,2,1,3,0,11,basic,mobile,AR,0
47,623.29,0.383,39,4,0.635,1,0,0,2,0,17,free,mobile,PE,0
14,193.26,0.542,50,16,0.566,12,1,0,5,0,9,free,mobile,UY,1
16,272.1,0.507,23,6,0.667,12,1,1,10,0,44,basic,mobile,UY,0
28,325.58,0.535,44,15,0.407,26,0,0,4,1,0,basic,mobile,AR,0
53,563.89,0.79,25,8,0.638,10,1,2,10,3,34,pro,mobile,CL,0
13,230.06,0.443,6,2,0.661,8,1,1,8,1,13,pro,desktop,PE,0
39,493.38,0.947,47,9,0.539,18,0,1,1,0,24,free,mobile,CO,1
27,365.95,0.335,55,4,0.812,19,0,2,10,0,13,pro,mobile,AR,1
6,79.88,0.923,59,5,0.667,1,0,0,7,1,42,basic,mobile,PE,1
42,887.63,0.397,6,10,0.605,2,1,2,6,1,43,basic,desktop,PE,0
49,813.76,0.6,33,15,0.651,5,0,5,8,2,16,free,mobile,CO,1
34,575.57,0.502,37,11,0.753,23,0,1,0,0,1,basic,desktop,CL,0
10,215.82,0.531,4,4,0.711,6,0,0,3,0,7,pro,desktop,MX,0
9,154.33,0.76,57,14,0.595,29,1,1,9,2,32,basic,desktop,CO,1
25,408.26,0.9,6,13,0.719,13,0,2,7,1,37,basic,mobile,AR,0
30,624.68,0.838,16,4,0.692,28,0,2,4,0,1,free,desktop,CO,0
33,726.3,0.519,58,17,0.529,7,0,1,5,1,0,free,desktop,AR,1
14,239.65,0.637,33,16,0.657,12,0,1,7,1,22,basic,desktop,AR,0
30,554.51,0.444,40,12,0.787,4,2,2,5,1,36,basic,mobile,PE,0
17,226.26,0.402,29,5,0.786,25,0,0,5,1,34,pro,mobile,AR,1
41,526.27,0.371,45,7,0.666,17,0,1,6,0,0,basic,mobile,AR,1
47,1062.9,0.512,4,8,0.802,2,0,3,3,0,44,free,desktop,PE,0
39,806.12,0.65,40,3,0.553,22,0,1,6,1,12,free,tablet,CO,1
0,0.0,0.218,3,6,0.558,26,0,2,8,1,10,free,mobile,CO,1
59,1161.42,0.591,10,2,0.662,20,0,1,8,0,15,free,tablet,AR,0
1,18.28,0.903,30,3,0.925,24,1,2,7,2,34,free,mobile,MX,0
59,1308.53,0.824,26,14,0.724,8,1,1,5,1,14,pro,tablet,AR,0
1,23.61,0.483,9,2,0.659,12,0,0,7,0,29,basic,mobile,AR,0
30,704.02,0.321,47,9,0.932,25,0,1,8,2,10,pro,desktop,AR,0
6,104.37,0.692,18,8,0.657,18,0,2,3,0,5,pro,mobile,MX,1
5,131.61,0.137,51,0,1.0,18,0,1,5,0,4,free,tablet,MX,1
41,794.2,0.822,0,16,0.623,23,2,3,8,2,19,basic,mobile,AR,0
43,937.15,0.557,14,19,0.548,18,0,1,7,2,0,free,mobile,PE,0
7,137.85,0.966,17,12,0.675,3,0,1,5,0,25,free,desktop,UY,0
58,1129.96,0.255,35,13,0.663,6,1,2,3,0,34,free,mobile,AR,0
19,258.12,0.784,24,4,0.579,23,0,3,10,1,25,free,mobile,PE,1
19,421.95,0.58,9,16,1.0,7,2,2,6,0,20,basic,mobile,MX,0
17,596.22,0.534,34,15,0.748,19,0,1,6,1,7,basic,desktop,CL,1
27,425.28,0.326,57,8,0.77,14,0,3,5,1,7,basic,desktop,CL,0
10,184.26,0.719,8,14,0.631,18,0,1,9,2,5,basic,mobile,CO,1
25,383.07,0.735,15,19,0.613,7,0,1,3,0,3,pro,desktop,AR,1
12,180.86,0.957,28,12,0.854,9,1,1,11,3,25,pro,mobile,MX,1
3,81.8,0.802,43,3,0.449,20,1,4,0,0,12,pro,desktop,AR,0
22,307.17,0.481,8,6,0.529,5,1,2,0,0,29,basic,mobile,AR,0
40,606.22,0.399,13,3,0.663,9,0,4,6,0,15,basic,mobile,MX,0
45,381.38,0.326,14,6,0.903,29,0,0,10,1,14,basic,mobile,AR,0
21,282.54,0.895,36,17,0.644,4,0,2,0,0,20,basic,mobile,CO,0
19,147.24,0.444,4,3,0.762,17,0,0,8,1,16,free,desktop,MX,0
47,1024.17,0.896,39,17,0.704,4,0,0,4,1,4,pro,mobile,AR,0
40,1391.93,0.705,25,5,0.894,21,1,3,0,0,1,pro,desktop,PE,0
49,774.2,0.666,19,9,0.462,3,0,1,4,1,44,pro,desktop,AR,0
54,431.97,0.539,51,10,0.81,17,0,3,7,0,4,free,desktop,CO,1
49,1146.6,0.732,49,2,0.67,13,0,0,7,1,12,free,desktop,AR,0
56,763.75,0.597,48,3,0.839,20,0,0,10,0,18,free,tablet,AR,1
24,619.11,0.526,53,6,0.577,0,0,1,11,2,19,pro,desktop,PE,0
23,375.08,0.739,14,1,0.704,15,0,1,0,0,33,basic,desktop,PE,0
19,269.97,0.571,51,15,0.685,16,0,1,10,1,31,pro,mobile,AR,1
14,237.05,0.44,10,10,0.55,7,0,0,0,0,27,pro,desktop,AR,1
44,992.05,0.72,19,16,0.508,8,0,1,11,2,13,free,desktop,CO,1
42,698.69,0.587,33,17,0.613,21,0,2,9,1,42,basic,mobile,AR,1
48,720.94,0.698,44,6,0.719,16,0,2,11,2,3,pro,mobile,PE,0
10,168.07,0.509,34,16,0.586,17,1,1,0,0,13,free,mobile,AR,1
29,300.7,0.358,33,1,0.65,28,0,0,0,0,16,basic,desktop,AR,0
13,264.97,0.947,22,8,0.417,12,1,0,11,0,15,basic,desktop,AR,1
53,385.82,0.909,35,13,0.644,26,0,1,3,0,24,basic,mobile,AR,0
16,245.36,0.777,28,9,0.854,29,0,2,4,0,2,pro,mobile,PE,0
8,180.45,0.522,28,14,0.806,17,0,1,3,0,37,free,tablet,MX,1
34,673.82,0.54,35,17,0.687,6,0,0,1,0,7,basic,mobile,AR,0
52,1120.18,0.876,36,8,0.737,12,1,2,0,0,16,pro,desktop,AR,0
54,950.93,0.529,19,5,0.576,1,0,5,1,0,26,free,mobile,AR,1
5,125.09,0.473,8,11,0.944,20,0,2,10,0,40,basic,mobile,MX,0
19,447.42,0.974,17,17,1.0,8,0,1,0,0,25,pro,mobile,MX,0
9,186.09,0.59,24,19,0.725,27,0,1,10,1,24,free,mobile,AR,0
18,424.17,0.954,9,16,1.0,19,0,0,2,1,11,free,mobile,CO,0
32,720.08,0.32,10,4,0.598,14,1,2,7,1,32,free,mobile,MX,1
16,245.81,0.704,57,4,0.512,5,0,2,3,1,25,free,desktop,UY,1
4,39.75,1.0,16,11,0.594,2,0,3,10,1,1,basic,tablet,MX,1
30,615.67,0.606,44,8,0.667,20,0,1,0,0,18,free,desktop,AR,1
3,63.83,0.547,7,12,1.0,22,0,0,8,2,40,basic,mobile,AR,0
13,319.06,0.366,58,18,0.658,7,0,0,11,1,38,pro,mobile,PE,1
0,0.0,0.816,12,10,0.571,0,0,2,5,1,9,free,mobile,AR,0
5,62.81,0.446,23,7,0.565,9,0,2,5,1,33,basic,desktop,AR,1
26,539.74,0.581,46,17,0.871,22,0,2,1,0,14,free,mobile,MX,1
51,896.22,0.353,12,8,0.85,17,1,1,10,2,34,basic,desktop,MX,0
46,307.53,0.911,32,12,0.627,2,0,2,11,2,23,free,desktop,MX,0
5,101.25,0.831,47,2,0.419,3,0,2,5,0,14,free,mobile,CO,1
2,13.77,0.594,1,10,0.531,3,0,2,8,1,43,pro,mobile,AR,1
20,246.57,0.369,1,8,0.958,22,0,2,9,2,10,pro,desktop,CO,0
39,1018.29,0.907,47,2,0.803,23,0,4,4,1,15,basic,desktop,PE,0
44,1273.77,0.527,15,4,0.71,12,0,0,0,0,41,basic,mobile,AR,0
49,524.6,0.379,54,14,0.98,20,0,3,1,0,9,basic,desktop,AR,1
20,320.47,0.248,55,3,0.994,0,0,0,10,3,8,free,mobile,UY,0
10,182.56,0.471,52,2,0.695,16,0,0,9,1,43,basic,desktop,AR,1
1,28.69,0.309,59,1,0.697,8,1,1,1,0,21,pro,mobile,CL,1
8,120.34,0.475,49,0,0.613,24,1,0,9,2,36,pro,desktop,AR,0
3,45.42,0.749,23,8,0.657,14,0,5,10,1,3,basic,mobile,MX,0
51,1391.91,0.525,59,9,0.477,25,1,1,6,0,29,basic,desktop,CO,0
16,252.02,0.671,20,12,0.476,16,1,3,5,1,4,basic,desktop,CO,0
49,1094.33,0.455,35,11,0.442,13,0,0,11,2,18,basic,mobile,AR,1
33,301.53,0.613,0,10,0.863,28,1,1,10,2,9,free,mobile,AR,0
32,543.12,0.984,57,19,0.466,29,2,0,4,0,18,basic,mobile,MX,0
27,217.15,0.53,35,4,0.992,13,0,2,5,1,17,free,desktop,AR,1
49,571.7,0.677,56,14,0.59,10,1,0,11,2,42,basic,desktop,MX,1
2,46.07,0.287,21,1,0.961,19,0,4,11,3,29,pro,mobile,MX,1
5,88.5,0.904,18,16,0.645,5,0,4,7,1,3,free,mobile,PE,1
25,402.13,0.505,31,7,0.465,11,0,0,7,1,21,basic,desktop,AR,1
23,310.67,0.81,51,6,0.893,25,0,1,8,1,34,free,desktop,AR,0
32,533.63,0.575,32,2,0.91,26,1,2,3,1,22,free,mobile,CO,1
44,871.49,0.722,47,10,0.564,12,0,3,11,1,27,basic,desktop,MX,0
35,836.41,0.734,12,7,0.65,11,0,0,3,0,23,basic,mobile,AR,0
15,45.0,0.51,46,19,0.564,26,0,0,9,1,43,pro,mobile,UY,1
19,247.18,0.818,43,3,0.682,6,0,1,9,1,29,basic,desktop,MX,1
45,852.96,0.448,53,8,0.716,1,0,1,3,0,25,pro,desktop,CL,1
12,208.88,0.756,3,18,0.647,2,0,1,9,0,42,free,mobile,CO,0
30,612.61,0.522,23,16,0.427,3,0,2,10,1,12,basic,mobile,MX,0
32,627.37,0.67,5,15,0.613,26,0,2,5,1,33,basic,mobile,AR,0
45,727.69,0.508,24,10,0.806,1,0,0,6,1,35,basic,mobile,AR,0
42,623.23,0.61,45,17,0.669,9,0,0,6,0,16,basic,tablet,CL,1
27,446.23,0.385,38,4,0.651,18,0,2,0,0,44,free,mobile,CL,1
18,448.06,0.65,45,16,0.56,18,1,0,6,2,13,basic,mobile,CO,0
22,299.37,0.609,44,11,0.608,24,0,0,8,1,40,basic,desktop,CL,1
24,422.96,0.492,59,6,0.911,29,1,2,6,1,0,free,mobile,AR,1
13,248.3,0.589,52,4,0.529,12,1,0,5,0,13,basic,mobile,MX,0
37,1012.4,0.627,35,10,0.808,6,0,2,6,1,13,pro,desktop,AR,0
12,194.38,0.477,52,0,0.707,2,0,0,6,1,15,free,mobile,PE,1
38,902.61,0.574,2,14,0.737,26,0,1,11,1,19,basic,mobile,CO,0
45,1142.63,0.399,43,4,0.59,11,0,1,4,0,33,pro,mobile,MX,0
57,1004.2,1.0,31,7,0.647,26,0,0,2,0,19,free,tablet,CL,0
7,117.15,0.812,57,3,0.699,10,0,1,0,0,26,free,desktop,AR,1
45,721.16,0.655,30,9,0.622,22,0,2,10,1,5,basic,mobile,MX,0
5,82.33,0.834,10,7,0.75,19,1,2,2,0,0,basic,mobile,AR,1
20,462.51,0.204,43,3,0.769,21,1,0,5,1,17,pro,desktop,MX,1
10,193.86,0.088,57,17,1.0,19,0,4,9,1,6,basic,mobile,AR,1
9,174.71,0.52,0,15,0.742,9,0,1,2,0,4,basic,mobile,MX,0
10,112.49,0.324,3,7,0.413,3,0,1,2,1,3,basic,mobile,AR,0
2,24.39,0.553,39,1,0.874,0,1,0,7,1,12,free,mobile,AR,1
49,1512.17,0.641,33,16,0.669,12,0,1,7,0,8,basic,desktop,CL,0
3,50.8,0.784,32,13,1.0,26,1,3,2,0,6,free,mobile,CO,0
23,307.08,0.372,5,11,0.921,19,0,2,6,2,13,pro,mobile,AR,1
41,1090.05,0.68,34,12,0.624,20,0,1,8,0,11,free,desktop,CL,1
59,1161.76,0.603,34,0,0.808,7,0,0,2,0,43,free,desktop,CO,1
51,1094.92,0.67,50,9,0.611,14,0,2,5,1,28,pro,mobile,MX,0
8,137.37,0.496,23,3,0.7,12,0,2,3,0,30,free,desktop,MX,1
59,949.19,0.877,20,13,0.801,4,0,2,11,2,30,basic,desktop,AR,0
39,662.32,0.579,4,18,0.867,18,0,1,4,1,2,pro,mobile,AR,0
10,97.04,0.955,34,10,0.834,10,0,1,10,0,22,pro,desktop,AR,0
26,454.28,0.442,38,12,0.711,12,1,1,10,2,27,free,desktop,UY,1
55,1087.69,0.749,16,13,1.0,17,0,0,2,0,42,free,mobile,AR,0
23,669.36,0.588,43,18,0.645,0,0,0,11,1,19,basic,desktop,AR,1
11,203.68,0.534,56,0,0.459,28,0,4,0,0,12,basic,tablet,AR,0
52,207.74,0.726,10,6,0.488,6,0,0,4,1,33,free,mobile,CO,0
57,993.86,0.54,34,5,0.921,20,0,2,1,0,8,free,mobile,AR,0
58,1997.35,0.068,41,14,0.689,23,0,0,0,0,39,pro,desktop,CO,0
57,1322.3,0.0,1,8,0.724,4,0,2,6,1,16,free,mobile,CL,1
52,683.0,0.854,10,15,0.619,7,0,4,7,1,2,pro,mobile,CO,0
27,581.76,0.846,23,9,0.632,12,0,2,6,2,15,free,desktop,PE,0
11,149.03,0.977,8,19,0.582,24,0,3,5,0,44,basic,desktop,CL,0
37,365.45,0.596,21,15,0.771,19,0,0,9,0,19,basic,mobile,UY,0
13,206.83,0.341,8,0,0.685,14,0,2,5,1,2,free,mobile,PE,1
28,519.38,0.516,53,19,0.765,25,0,1,6,1,16,basic,desktop,AR,0
39,263.92,0.602,35,19,0.751,14,1,1,5,0,32,free,tablet,MX,1
56,621.88,0.399,19,0,0.636,26,0,1,2,0,2,pro,mobile,MX,0
17,307.05,0.93,46,7,0.481,23,0,1,7,1,40,basic,mobile,PE,1
15,233.26,1.0,1,19,0.468,5,0,0,9,2,33,free,mobile,MX,1
44,896.23,0.696,35,16,1.0,11,0,4,3,1,33,basic,mobile,MX,0
0,0.0,0.598,41,9,0.922,0,1,3,5,0,33,pro,mobile,AR,1
33,735.39,0.341,48,10,0.901,7,0,1,10,0,6,basic,desktop,PE,0
44,479.49,0.909,13,0,0.599,0,0,0,2,0,36,basic,mobile,AR,0
33,919.26,0.615,35,11,0.701,3,0,1,5,1,9,pro,desktop,MX,0
23,177.23,0.542,46,13,0.578,0,0,1,3,1,6,free,desktop,AR,1
49,560.79,0.696,47,7,0.503,20,2,2,4,0,1,basic,desktop,CO,1
22,451.09,0.483,10,6,0.612,12,0,1,5,1,6,free,mobile,CO,0
42,1175.39,0.629,58,16,0.899,14,0,1,11,0,5,basic,desktop,AR,0
27,537.04,0.312,16,8,0.826,22,0,0,0,0,39,basic,mobile,CO,0
1,21.38,0.817,23,5,0.554,24,0,2,4,1,2,free,mobile,PE,0
31,561.26,0.579,11,7,0.653,15,0,0,10,2,29,pro,desktop,AR,0
2,23.68,0.832,8,9,0.812,13,1,2,0,0,2,basic,desktop,CL,1
55,828.25,0.56,15,5,0.614,19,1,0,6,2,43,free,desktop,AR,0
36,386.23,0.573,8,11,0.712,12,0,0,1,0,25,basic,mobile,AR,1
22,227.21,0.358,43,17,0.76,13,0,0,6,1,23,basic,desktop,CO,0
29,591.9,0.752,35,14,0.759,8,0,3,8,2,3,free,mobile,AR,0
37,416.65,0.425,23,4,0.738,5,1,1,7,1,39,basic,desktop,MX,0
15,298.76,0.503,32,9,0.602,5,1,0,6,0,19,pro,mobile,AR,1
17,173.21,0.6,36,10,0.617,19,0,0,8,3,6,free,desktop,AR,1
25,494.46,0.624,11,13,0.53,24,1,4,6,0,31,pro,desktop,MX,0
15,226.02,0.259,17,15,0.466,12,1,3,7,0,42,basic,mobile,AR,1
45,1189.79,0.554,52,9,0.683,2,0,0,0,0,0,free,desktop,PE,0
6,119.65,0.759,0,6,0.822,18,0,2,0,0,9,basic,desktop,AR,0
49,1245.32,0.524,57,13,0.493,27,0,0,1,0,28,basic,mobile,MX,0
20,269.32,0.555,57,2,0.741,15,0,0,6,2,2,pro,mobile,CO,1
33,605.12,0.632,15,13,0.818,0,0,2,4,0,34,basic,mobile,MX,0
9,109.02,0.575,19,17,0.424,2,0,0,4,1,27,free,mobile,MX,1
23,356.92,0.394,12,14,0.659,15,0,2,5,1,24,free,mobile,AR,1
45,739.23,0.593,33,8,0.947,25,0,0,11,2,14,basic,desktop,CO,0
16,218.32,0.799,12,16,0.783,1,1,3,4,1,21,basic,mobile,MX,0
7,74.95,0.39,47,10,0.419,22,1,1,5,2,3,pro,mobile,CO,0
31,295.09,0.525,23,10,0.799,23,0,3,6,1,32,pro,desktop,AR,0
9,35.65,0.324,58,17,0.588,1,0,1,9,2,27,pro,desktop,AR,1
18,209.91,0.788,51,3,0.804,6,0,1,8,3,23,basic,mobile,AR,0
27,587.65,0.582,24,15,0.596,0,0,4,11,3,35,free,desktop,AR,1
33,277.5,0.43,35,13,0.692,16,1,1,7,2,22,basic,mobile,AR,0
38,372.07,0.618,1,10,0.619,5,1,3,11,1,18,free,desktop,AR,1
40,1149.82,0.359,4,1,0.7,27,0,5,7,2,36,free,mobile,AR,0
50,709.05,0.393,30,15,0.615,2,0,0,6,1,42,free,mobile,AR,1
3,59.78,0.308,28,4,0.666,19,0,0,6,0,37,pro,desktop,AR,1
21,458.93,0.387,23,17,0.524,23,0,0,5,1,22,basic,mobile,CO,0
0,0.0,0.871,5,15,0.774,5,2,2,2,0,16,free,mobile,PE,1
0,0.0,0.453,50,7,0.726,7,0,0,4,1,5,pro,mobile,CL,1
12,199.36,0.693,24,8,0.458,23,0,3,7,1,18,pro,mobile,AR,0
35,290.17,0.433,28,0,0.849,2,0,5,7,1,37,basic,desktop,AR,0
53,1731.93,0.752,24,9,0.674,13,0,2,1,0,36,free,mobile,CO,0
46,387.81,0.395,29,1,0.724,7,0,5,9,1,5,free,mobile,PE,0
38,445.09,0.608,38,19,0.815,0,1,1,8,0,24,free,desktop,AR,1
46,540.79,0.611,45,12,0.749,13,0,0,6,0,30,basic,mobile,AR,0
10,90.2,1.0,32,4,0.875,14,1,2,5,1,30,basic,mobile,AR,1
50,1305.78,0.726,9,16,0.656,10,0,1,6,1,39,free,mobile,AR,0
53,1724.34,0.481,52,0,0.855,24,1,3,6,1,3,free,desktop,AR,0
5,75.73,0.737,17,10,0.718,2,0,3,5,0,20,basic,mobile,MX,0
28,282.17,1.0,0,2,0.776,12,0,0,10,0,4,pro,desktop,AR,0
49,224.34,0.274,2,1,0.761,5,1,0,1,0,32,free,desktop,AR,1
28,462.99,0.432,46,4,0.886,22,0,2,4,1,23,basic,mobile,CO,0
50,805.09,0.553,23,5,0.808,16,0,1,4,0,19,pro,desktop,CO,0
56,789.16,0.517,1,14,0.634,21,0,0,1,0,36,basic,desktop,AR,0
28,541.19,0.533,48,17,0.604,3,0,6,1,0,38,basic,desktop,CO,1
3,61.11,0.339,18,15,0.693,13,0,1,10,2,14,basic,desktop,AR,1
20,398.77,0.881,58,14,0.586,1,1,2,9,1,36,pro,mobile,AR,0
12,193.24,0.315,52,11,0.542,9,2,0,4,1,43,pro,mobile,AR,1
28,318.93,0.56,2,7,0.381,28,1,1,3,0,2,free,desktop,AR,1
35,769.82,0.809,41,5,0.468,21,1,3,4,0,34,free,mobile,AR,0
27,488.03,0.594,36,18,0.998,2,0,2,8,2,5,free,mobile,MX,1
11,256.63,0.404,10,10,0.602,11,0,1,3,1,35,free,mobile,PE,1
18,409.33,0.33,20,11,0.986,26,0,4,0,0,30,basic,mobile,AR,1
40,378.78,0.554,29,0,0.76,5,0,2,5,1,37,free,desktop,AR,0
1,9.39,0.449,8,9,0.693,22,1,4,7,1,25,basic,mobile,AR,0
12,161.6,0.641,43,13,0.475,9,0,0,6,1,11,basic,desktop,AR,1
53,618.11,0.32,16,9,0.701,14,0,0,2,1,31,basic,mobile,PE,0
5,112.66,0.763,56,12,0.984,26,1,1,10,3,14,free,mobile,AR,1
24,482.59,0.623,48,16,0.934,20,0,0,7,1,1,free,mobile,MX,1
12,295.14,0.638,38,0,0.741,8,1,3,8,1,5,free,mobile,MX,0
6,122.27,0.888,7,18,0.528,0,0,0,11,1,39,pro,mobile,PE,1
25,481.3,0.512,1,16,0.556,7,0,2,6,1,17,free,mobile,AR,0
31,781.15,0.455,8,8,0.572,12,0,2,6,0,6,free,mobile,AR,0
10,208.18,0.49,29,15,0.892,4,1,1,9,2,1,free,desktop,AR,0
4,73.63,0.561,46,1,0.945,26,0,2,9,3,1,basic,desktop,MX,1
8,215.06,0.582,9,6,0.729,1,0,1,10,3,33,basic,desktop,MX,0
39,728.95,0.434,42,2,0.655,16,0,3,8,2,5,pro,mobile,MX,1
51,824.87,0.195,2,12,0.932,29,0,2,0,0,36,free,mobile,AR,0
10,129.73,0.488,15,17,0.553,10,0,0,4,0,25,free,mobile,AR,1
19,422.14,0.672,35,12,0.708,16,0,0,7,2,9,pro,mobile,MX,0
20,508.45,0.627,49,14,0.769,2,1,0,5,2,40,free,mobile,AR,1
21,371.63,0.84,46,2,0.571,21,1,1,0,0,22,free,mobile,PE,1
14,361.86,0.991,31,18,0.605,29,0,2,3,0,17,pro,desktop,CO,1
3,18.54,0.752,2,3,0.593,23,0,2,3,1,30,basic,mobile,AR,0
31,547.69,0.877,17,10,0.913,4,0,0,0,0,29,basic,mobile,MX,0
21,372.95,0.753,47,13,0.987,10,1,2,9,2,33,pro,desktop,AR,0
20,272.76,0.942,4,17,0.717,21,1,5,4,0,27,free,desktop,PE,0
15,484.55,0.97,42,18,0.66,23,0,1,9,2,43,free,desktop,MX,0
55,968.16,0.79,42,11,0.61,12,0,1,10,3,18,free,mobile,AR,0
36,559.93,0.741,45,11,0.7,28,0,2,10,2,9,free,desktop,MX,0
25,453.89,0.559,13,8,0.617,6,1,2,10,2,5,basic,tablet,AR,0
12,71.8,0.592,14,11,0.685,22,0,2,5,1,11,pro,mobile,AR,0
48,645.16,0.532,11,13,0.762,14,1,5,2,0,34,pro,mobile,AR,0
53,1266.67,0.724,23,12,0.639,21,0,4,1,0,38,basic,mobile,AR,0
1,14.23,0.456,31,11,0.672,17,0,2,7,1,13,pro,desktop,AR,1
55,716.47,0.562,7,8,0.672,12,0,2,1,0,4,basic,mobile,UY,0
41,1060.14,0.129,34,3,0.652,24,1,1,2,0,32,free,desktop,CL,0
5,130.21,0.945,14,1,0.634,25,0,1,2,0,35,free,mobile,PE,0
45,949.59,0.556,33,8,0.814,24,1,1,3,0,2,basic,mobile,AR,0
6,91.62,0.691,18,7,0.434,2,0,1,4,1,6,free,mobile,PE,1
3,49.69,0.892,57,12,0.936,12,1,1,3,0,15,free,mobile,MX,1
6,79.05,0.66,19,18,0.72,22,0,3,6,1,20,pro,desktop,MX,1
27,324.85,0.889,52,14,0.792,26,1,1,11,0,4,free,mobile,CO,1
37,434.14,0.352,10,16,0.809,10,1,1,7,2,26,basic,mobile,MX,0
24,343.0,1.0,5,11,0.594,22,0,0,8,2,22,free,desktop,MX,0
7,82.54,0.817,11,18,0.563,16,0,1,1,0,34,basic,mobile,PE,0
11,94.8,0.642,25,18,0.545,6,0,3,1,0,42,basic,mobile,AR,1
51,985.14,0.885,54,3,0.663,26,1,1,2,0,5,free,mobile,AR,0
57,1106.23,0.366,10,12,0.805,13,0,0,10,3,20,free,desktop,UY,0
45,1269.21,0.542,47,10,0.612,18,0,0,2,0,37,basic,mobile,PE,0
6,83.94,0.889,41,19,0.791,8,0,1,11,2,0,basic,mobile,CL,0
49,969.05,0.227,20,11,0.345,0,0,0,9,3,38,free,desktop,CO,1
41,814.93,0.712,20,0,0.642,13,0,2,9,2,17,basic,mobile,PE,0
31,510.79,0.706,56,4,0.875,21,0,2,3,0,35,free,mobile,CL,1
8,179.73,0.994,42,2,0.674,9,2,1,1,0,27,free,mobile,AR,1
59,1336.43,0.283,14,4,0.576,27,1,1,2,0,42,pro,mobile,CL,0
26,519.08,0.922,54,1,0.601,22,0,2,10,2,6,free,desktop,AR,0
2,32.93,0.488,24,15,0.246,19,0,0,5,1,39,basic,mobile,AR,1
12,190.26,0.511,4,9,0.548,24,1,3,4,1,25,basic,desktop,UY,0
24,235.04,0.356,48,13,0.859,25,0,2,2,1,34,pro,mobile,CO,0
3,39.49,0.382,52,19,0.613,21,0,1,4,1,34,free,desktop,CO,1
19,271.09,0.681,26,12,0.63,24,0,0,4,1,26,basic,mobile,MX,0
28,315.17,0.378,42,9,0.35,21,1,1,8,1,20,basic,mobile,AR,1
56,1155.81,0.748,14,5,0.455,25,1,0,9,3,36,free,mobile,MX,0
5,125.9,0.467,51,15,0.879,3,0,0,5,1,22,free,desktop,MX,1
34,426.76,0.357,22,10,0.793,10,1,0,4,0,43,pro,desktop,MX,0
54,1063.84,0.494,16,15,0.505,26,0,0,5,2,30,basic,mobile,AR,0
48,566.18,0.667,30,0,0.605,14,0,0,2,0,28,free,desktop,CO,0
55,889.38,0.545,16,3,0.696,0,0,1,0,0,26,basic,tablet,AR,0
10,138.58,0.607,37,2,0.521,25,0,1,2,0,10,basic,tablet,AR,0
48,1037.35,0.739,44,13,0.399,19,0,3,0,0,33,free,mobile,MX,0
58,807.78,0.816,24,10,0.676,27,1,0,0,0,11,free,mobile,UY,1
19,457.33,0.538,47,6,0.786,0,0,0,2,0,27,free,desktop,AR,1
29,479.24,0.391,25,6,0.789,4,0,0,10,1,35,basic,mobile,AR,0
31,437.17,0.615,58,12,0.831,15,0,5,2,0,20,basic,desktop,UY,1
29,303.92,0.694,15,19,0.467,5,1,2,8,1,44,free,mobile,UY,0
17,331.83,0.308,42,19,0.709,15,0,3,1,0,7,basic,desktop,AR,0
58,1355.54,0.422,32,9,0.66,10,0,3,5,1,9,basic,mobile,PE,0
57,1119.48,0.456,56,13,0.687,6,0,0,7,1,13,basic,desktop,PE,0
22,691.53,0.558,13,1,0.668,23,0,3,6,1,43,free,desktop,AR,0
48,1275.78,0.448,11,18,0.601,1,0,0,9,2,24,free,mobile,CO,0
23,371.56,0.741,52,0,0.247,26,0,0,3,0,12,pro,mobile,AR,0
47,756.32,0.279,54,6,0.874,4,0,2,8,3,43,free,mobile,PE,1
35,728.64,0.284,44,14,0.749,17,1,0,4,0,18,free,desktop,AR,1
28,363.21,0.533,28,19,0.477,29,1,0,5,1,11,basic,mobile,MX,1
7,174.98,0.565,24,3,0.771,3,0,2,3,1,40,pro,mobile,CO,1
39,786.61,0.309,39,13,0.633,27,0,0,11,2,6,pro,mobile,AR,0
19,371.24,0.479,44,3,0.637,9,0,1,9,0,43,basic,desktop,CO,1
13,287.58,0.52,16,1,0.585,22,0,0,5,0,2,pro,mobile,AR,0
11,311.71,0.521,0,8,0.781,25,0,1,8,1,25,free,tablet,AR,1
58,1103.49,0.63,4,11,0.58,6,0,1,10,2,26,pro,desktop,PE,1
6,103.93,0.468,20,5,0.535,10,1,1,3,1,42,free,desktop,PE,1
47,1271.46,0.896,40,19,0.87,25,0,1,3,1,41,pro,desktop,CO,0
51,1214.07,0.698,26,12,0.673,3,1,1,9,1,37,pro,mobile,PE,0
1,16.07,0.439,37,8,0.678,3,1,0,3,0,41,pro,mobile,AR,1
35,631.09,0.619,28,9,0.804,9,0,0,1,0,38,basic,mobile,CL,0
34,651.86,0.625,15,9,0.6,18,0,2,7,1,23,free,mobile,PE,0
21,423.59,0.843,44,2,0.63,24,0,0,2,0,39,basic,mobile,PE,0
40,394.42,0.48,43,12,0.746,16,0,1,7,2,34,free,desktop,AR,1
24,209.88,0.753,57,15,0.469,14,0,1,1,0,17,basic,mobile,AR,0
26,329.57,0.608,49,8,0.733,26,0,0,5,1,39,free,mobile,MX,1
25,305.29,0.898,22,8,0.587,5,0,1,2,0,1,free,mobile,AR,1
48,678.58,0.858,42,18,0.828,27,0,2,6,1,4,free,mobile,CO,0
37,806.91,0.639,21,12,0.782,9,0,0,2,1,7,pro,mobile,AR,0
22,373.7,0.548,52,5,0.762,8,0,1,3,1,24,basic,mobile,MX,1
55,1054.81,0.701,36,0,0.459,28,0,1,10,0,3,basic,desktop,AR,0
48,511.4,0.564,50,16,0.684,19,0,1,11,2,10,free,desktop,CO,1
55,837.66,0.936,16,12,0.523,12,0,0,3,0,10,free,mobile,UY,0
43,925.51,0.616,0,12,0.694,9,0,1,7,0,10,basic,desktop,MX,0
23,496.1,0.519,8,5,0.353,13,0,1,4,0,2,free,mobile,UY,0
46,628.02,0.508,31,3,0.469,23,1,1,2,0,10,basic,mobile,CL,0
19,360.43,0.357,57,9,0.878,4,0,2,1,0,12,basic,mobile,AR,1
16,499.09,0.711,37,15,0.755,5,0,5,10,1,34,pro,mobile,PE,0
27,483.15,0.436,48,5,0.647,9,0,1,0,0,26,free,desktop,AR,1
58,802.77,0.82,28,10,0.564,14,0,2,5,2,14,basic,desktop,AR,0
34,576.55,0.341,57,19,0.537,24,1,2,2,0,6,pro,desktop,MX,0
23,426.72,0.625,56,4,0.73,6,2,2,9,2,23,pro,mobile,AR,1
27,461.51,0.83,13,4,0.648,23,0,1,1,0,14,basic,mobile,PE,0
17,302.8,0.17,51,4,0.932,27,0,0,6,1,31,free,mobile,CL,1
39,364.23,1.0,1,18,0.672,13,1,5,4,0,10,basic,mobile,AR,0
21,256.71,0.515,35,10,0.709,28,0,2,6,1,44,basic,mobile,AR,1
33,564.43,0.628,26,18,0.492,26,0,4,2,0,4,free,mobile,AR,0
22,374.18,0.714,18,18,0.646,23,0,3,1,0,37,free,mobile,CO,0
19,277.45,0.745,56,8,0.727,11,0,4,2,1,30,basic,mobile,AR,0
58,982.4,0.655,39,1,0.644,9,1,1,6,0,30,free,mobile,PE,1
20,367.32,0.799,8,6,0.627,25,1,1,7,2,40,pro,desktop,AR,0
4,93.35,0.704,8,10,0.749,13,0,1,10,2,20,free,desktop,AR,0
22,382.9,0.952,7,7,0.927,0,0,0,11,0,32,pro,desktop,MX,0
31,632.23,0.704,18,0,0.722,21,0,2,9,0,23,basic,tablet,AR,1
5,73.75,0.993,4,19,0.872,10,0,1,0,0,30,pro,desktop,CL,0
18,385.79,0.78,15,6,0.793,28,0,3,8,2,24,pro,desktop,MX,0
9,182.29,0.239,45,12,0.863,25,0,2,8,0,44,free,desktop,AR,1
30,695.85,1.0,52,18,0.609,3,1,0,8,1,14,free,desktop,MX,0
43,958.07,0.485,47,10,0.669,27,0,2,7,2,32,free,mobile,PE,0
58,1248.88,0.899,29,13,0.67,28,0,0,8,2,7,basic,mobile,AR,0
23,400.42,0.605,41,0,0.782,22,0,2,7,1,2,free,mobile,MX,1
51,992.95,0.812,56,13,0.819,8,1,2,7,1,31,basic,mobile,AR,0
12,292.57,0.462,3,16,0.719,20,1,3,8,2,9,pro,mobile,PE,0
46,648.03,0.725,54,18,0.832,26,0,1,0,0,0,basic,tablet,AR,0
33,469.58,0.549,43,1,0.616,24,1,1,6,1,28,basic,desktop,AR,1
45,858.99,0.916,23,4,0.833,12,0,1,1,0,27,pro,mobile,CL,0
45,922.13,0.688,26,0,0.852,21,0,1,11,2,28,pro,mobile,MX,0
31,404.72,0.787,26,18,0.802,11,0,4,11,2,20,free,desktop,AR,0
15,263.27,0.167,9,5,0.72,7,0,3,1,0,37,free,desktop,CO,0
31,540.52,0.583,13,10,0.807,20,0,0,10,3,0,basic,desktop,AR,0
49,230.71,0.682,17,9,0.566,13,0,1,5,0,7,free,mobile,PE,0
58,967.58,0.645,0,13,0.73,6,1,2,8,1,16,basic,desktop,PE,0
55,938.09,0.792,30,17,0.745,19,0,3,7,1,44,pro,desktop,CO,1
10,170.38,0.527,28,6,0.501,9,0,1,1,0,32,basic,desktop,CO,1
35,927.34,0.61,19,15,0.771,17,1,2,10,2,23,free,desktop,MX,0
6,64.23,0.836,10,5,0.513,10,0,3,7,2,42,free,mobile,CO,1
40,522.09,0.144,58,3,0.636,26,1,2,5,1,41,pro,tablet,AR,0
59,177.0,0.718,40,2,0.706,25,1,2,7,1,4,free,mobile,CO,0
3,45.34,0.533,28,7,0.59,14,0,0,11,1,23,free,mobile,MX,1
39,609.42,0.418,43,11,0.712,21,0,5,7,1,42,basic,desktop,CO,0
56,836.65,0.667,22,15,0.71,5,0,1,7,1,8,basic,mobile,CL,0
50,1232.3,0.845,12,16,0.577,29,0,0,10,0,7,basic,desktop,MX,0
23,532.77,0.808,40,10,0.785,6,0,1,8,1,15,basic,desktop,AR,0
6,110.8,0.573,46,8,0.585,26,0,0,1,0,43,basic,mobile,CL,0
55,867.7,0.775,39,3,1.0,25,0,3,9,2,9,free,desktop,AR,0
55,1328.64,0.774,33,18,0.684,5,0,2,10,0,28,basic,desktop,CO,0
34,607.97,0.583,0,7,0.524,0,0,1,8,1,11,basic,desktop,AR,1
58,759.24,0.461,38,15,0.552,22,1,1,1,0,33,basic,mobile,PE,0
0,0.0,0.473,37,12,0.872,26,0,1,6,1,40,pro,mobile,PE,0
36,552.68,0.768,24,18,0.639,21,1,4,0,0,1,free,mobile,PE,1
2,45.06,0.592,14,19,0.495,1,0,1,9,0,16,basic,desktop,PE,1
56,1772.92,0.391,58,14,0.828,19,0,3,11,0,26,basic,desktop,CL,0
40,734.79,0.263,22,13,0.638,11,1,0,0,0,8,basic,mobile,PE,0
54,724.02,0.766,16,2,0.798,27,0,0,1,0,28,free,mobile,CL,0
33,359.38,0.491,42,0,0.84,24,0,1,11,4,16,basic,desktop,AR,1
4,85.25,0.666,28,10,0.741,23,1,2,9,2,1,pro,desktop,AR,0
1,7.41,0.848,33,14,1.0,12,1,0,9,0,27,basic,mobile,AR,1
20,426.04,0.338,38,14,0.441,9,0,0,2,0,1,free,mobile,AR,0
44,1007.88,0.591,22,5,0.577,24,0,0,7,2,9,free,mobile,AR,0
9,185.56,0.566,9,10,0.662,3,1,0,9,1,7,basic,desktop,UY,0
51,850.78,0.676,10,17,1.0,3,0,1,0,0,2,free,mobile,AR,0
14,299.46,0.848,56,1,0.97,1,0,3,3,1,18,pro,desktop,PE,1
29,551.74,0.334,30,7,0.893,15,0,1,3,0,39,pro,mobile,CO,1
12,159.98,0.714,25,18,0.581,2,0,1,6,1,13,pro,mobile,PE,1
27,785.77,0.806,19,3,0.598,17,0,3,3,1,10,basic,mobile,CO,0
27,429.03,0.563,43,6,0.576,5,0,1,4,0,36,basic,mobile,UY,1
0,0.0,0.573,54,9,0.582,26,0,2,3,0,42,free,mobile,AR,0
34,118.6,0.684,46,13,0.924,12,0,1,0,0,13,free,mobile,CL,0
47,1205.96,0.669,32,5,0.663,2,0,1,8,2,2,basic,mobile,AR,1
56,1501.5,0.716,28,15,0.683,20,1,3,7,1,34,free,desktop,AR,0
19,345.4,0.712,51,4,0.816,10,0,2,10,2,29,free,mobile,CL,1
52,1110.34,0.404,51,7,0.45,7,0,0,6,1,44,pro,mobile,CL,0
52,1110.26,0.798,23,11,0.708,19,0,3,8,1,29,pro,mobile,UY,0
59,834.45,0.833,57,0,0.535,28,0,3,4,1,41,pro,mobile,AR,0
22,468.22,0.637,49,15,0.656,29,0,0,4,1,7,free,desktop,PE,1
51,670.56,0.301,50,13,0.612,13,1,4,4,1,7,pro,desktop,AR,0
33,473.47,0.577,3,16,0.604,25,0,4,11,2,29,basic,desktop,MX,1
3,74.28,0.639,7,5,0.734,6,0,0,5,1,33,free,desktop,AR,1
16,381.57,0.371,17,7,0.733,25,0,4,10,1,17,basic,mobile,UY,1
40,550.47,0.528,45,17,0.667,28,0,3,3,0,19,basic,mobile,MX,0
9,122.39,0.318,4,1,0.756,15,1,2,8,3,17,basic,mobile,AR,1
26,367.29,0.721,4,9,0.57,15,0,3,3,0,2,pro,mobile,PE,0
46,1030.21,0.633,1,9,0.802,16,0,0,4,1,39,basic,mobile,AR,0
8,96.0,0.271,11,8,0.669,2,0,0,10,1,40,pro,desktop,PE,1
29,584.07,0.67,55,8,0.627,25,0,3,8,2,42,free,desktop,AR,1
12,269.77,0.589,43,14,0.581,22,0,2,5,2,22,basic,mobile,AR,0
32,559.06,0.703,43,3,0.664,26,1,2,4,0,7,pro,mobile,AR,0
14,336.85,0.522,17,17,0.981,3,0,2,9,1,18,basic,desktop,MX,1
57,921.93,0.44,37,17,0.691,24,0,0,1,0,30,pro,desktop,CO,0
4,66.87,0.446,46,3,0.528,10,0,0,10,1,7,basic,desktop,MX,1
57,691.78,0.492,31,19,0.838,24,2,5,7,1,6,free,mobile,AR,1
47,1132.84,0.604,51,5,0.629,29,1,1,3,0,44,basic,mobile,CL,0
51,683.44,0.63,34,1,0.743,26,0,2,8,1,1,basic,desktop,CL,0
51,1025.03,0.562,19,7,0.609,27,0,1,11,4,26,free,mobile,AR,0
11,193.29,0.515,38,15,0.892,3,0,3,4,1,6,basic,mobile,CL,0
55,642.58,0.53,56,16,0.611,9,0,2,4,0,0,free,mobile,CL,0
35,502.09,1.0,49,12,0.91,8,0,3,11,3,28,free,desktop,MX,0
57,1498.94,0.446,29,16,0.543,15,1,1,4,1,8,pro,mobile,MX,1
52,998.92,0.488,35,5,0.656,29,3,2,10,3,32,pro,mobile,AR,0
34,406.13,1.0,58,17,0.91,20,0,1,10,3,37,basic,mobile,PE,0
22,436.3,0.684,44,12,0.725,16,0,1,6,1,22,basic,mobile,PE,1
7,119.86,0.324,30,2,1.0,24,0,0,0,0,7,basic,desktop,CO,1
6,232.35,0.769,16,2,0.66,5,0,2,0,0,42,free,desktop,CO,0
23,453.35,0.418,54,5,0.739,19,1,2,3,0,16,free,mobile,MX,1
48,754.38,0.782,58,1,0.986,15,0,2,0,0,34,pro,mobile,UY,0
30,795.61,0.558,4,5,0.473,6,1,1,9,0,8,basic,desktop,AR,0
28,194.71,0.512,1,19,0.454,19,1,2,7,0,7,basic,desktop,CL,1
14,259.92,0.922,6,4,0.581,25,0,2,5,1,30,free,desktop,CO,1
33,988.9,0.713,23,12,0.822,24,0,3,9,2,9,pro,mobile,PE,0
38,657.51,0.795,9,19,0.459,25,0,0,1,0,23,free,mobile,CL,0
58,440.81,0.687,52,5,0.79,24,0,2,6,1,26,basic,tablet,PE,0
43,671.85,0.511,54,13,0.779,14,2,1,4,1,5,free,mobile,MX,0
36,962.18,0.722,10,9,1.0,1,0,0,0,0,14,free,mobile,AR,0
54,1093.85,0.842,49,5,0.857,28,0,3,5,2,8,basic,desktop,PE,0
25,324.17,0.627,8,19,0.755,13,0,3,1,0,0,basic,desktop,CL,0
56,777.76,0.96,47,13,0.904,18,0,1,0,0,42,basic,mobile,PE,0
22,322.12,0.77,21,8,0.781,0,0,2,2,0,1,free,tablet,CO,1
7,141.17,0.642,2,16,0.631,26,0,2,2,0,37,pro,mobile,AR,0
25,650.73,0.65,25,18,0.528,26,0,1,7,2,18,basic,mobile,PE,0
7,170.2,0.627,49,15,0.615,27,0,0,9,1,12,pro,mobile,AR,1
7,145.15,0.35,56,17,0.694,5,0,0,5,1,23,free,mobile,CO,1
52,520.53,0.582,7,6,0.726,25,0,4,7,1,41,pro,mobile,CO,0
47,471.52,0.644,50,6,0.38,18,0,1,1,0,29,basic,mobile,CO,1
13,275.59,0.517,17,4,0.667,4,0,1,9,1,3,basic,mobile,PE,1
50,496.36,0.668,27,13,0.704,17,0,1,6,0,34,free,mobile,MX,0
4,66.59,0.604,6,16,0.782,14,1,2,5,1,34,free,mobile,AR,0
17,337.02,0.755,58,13,0.944,18,1,2,10,3,43,pro,tablet,MX,1
42,469.33,0.733,47,11,0.728,2,0,1,3,0,9,basic,mobile,MX,0
18,213.38,0.633,38,15,0.564,16,0,0,5,2,37,basic,desktop,AR,1
43,749.72,0.327,43,3,0.427,20,0,1,11,1,16,basic,mobile,AR,0
52,1093.14,0.958,52,7,0.803,21,0,0,1,0,16,pro,mobile,CL,0
3,73.11,0.572,8,14,0.57,23,0,1,6,1,28,basic,mobile,PE,1
1,21.64,0.584,14,1,0.83,18,0,2,6,1,24,pro,desktop,MX,0
56,1032.75,0.531,2,18,0.91,21,0,2,8,1,10,free,mobile,PE,0
31,419.21,0.502,29,3,0.468,2,0,2,11,2,9,pro,mobile,CL,1
30,347.24,0.909,29,15,0.783,23,0,0,4,1,29,basic,mobile,UY,0
27,403.24,0.877,1,12,0.894,11,0,1,1,0,43,free,desktop,CO,0
26,531.95,0.689,39,16,0.853,16,1,1,4,0,10,free,mobile,AR,1
41,820.81,0.578,0,15,0.386,16,0,0,1,0,24,pro,mobile,CL,0
34,183.62,0.724,47,10,0.572,29,0,1,8,2,13,basic,mobile,UY,0
9,119.57,0.615,42,15,0.508,9,0,2,6,1,11,free,desktop,UY,0
37,933.4,0.562,48,6,0.779,11,0,2,9,1,35,free,desktop,CL,0
40,739.01,0.668,7,11,0.762,22,0,1,4,1,32,basic,tablet,PE,0
6,56.99,0.512,52,18,0.295,19,2,0,11,4,21,free,mobile,PE,1
22,706.97,0.65,32,1,0.655,9,1,3,10,2,21,free,mobile,AR,1
47,837.84,0.641,51,7,0.82,10,1,4,10,1,19,basic,mobile,CL,0
37,751.32,0.721,41,0,0.722,24,1,2,8,1,44,free,desktop,CO,0
8,163.18,0.476,39,10,0.722,25,0,0,2,0,42,free,desktop,AR,1
2,31.59,0.742,1,15,0.645,4,1,1,1,0,3,basic,desktop,CO,0
34,463.57,0.419,41,0,0.541,11,0,5,11,1,36,basic,mobile,AR,1
27,829.71,0.485,26,10,0.697,23,0,3,10,2,15,basic,mobile,CL,0
57,1369.1,0.494,50,8,0.708,3,0,3,10,1,29,free,mobile,AR,0
31,710.88,0.386,41,15,0.792,5,0,2,7,2,42,basic,mobile,CO,0
55,1180.18,0.803,4,4,0.804,4,0,2,10,1,18,basic,mobile,AR,0
12,143.76,0.406,53,3,0.713,15,0,0,5,1,20,basic,mobile,CL,0
26,667.29,0.46,3,1,0.864,13,1,1,1,0,28,free,mobile,AR,1
8,103.53,0.851,17,8,0.644,9,1,1,3,0,14,free,mobile,AR,0
34,669.79,0.486,13,9,0.483,4,1,2,10,1,11,basic,tablet,PE,0
11,89.8,0.562,58,18,0.772,19,1,2,7,1,27,free,tablet,AR,1
29,166.89,0.398,9,9,0.719,24,0,1,11,3,9,pro,desktop,AR,0
20,398.19,0.767,50,3,0.775,6,1,3,10,2,29,pro,desktop,AR,1
11,144.6,0.769,13,13,0.51,19,0,4,9,2,11,basic,mobile,CL,1
5,30.32,0.748,39,1,0.969,23,0,1,0,0,4,basic,mobile,AR,0
30,637.31,0.708,5,6,0.807,16,1,0,2,1,4,basic,mobile,MX,0
56,1720.35,0.615,23,13,0.657,17,0,1,4,1,11,free,mobile,CO,0
11,289.71,0.495,37,5,0.56,5,1,0,0,0,4,basic,desktop,AR,1
24,394.95,0.437,42,11,0.862,28,0,1,11,3,13,pro,mobile,AR,1
13,234.69,0.858,52,9,0.535,28,0,2,2,0,18,free,desktop,AR,1
48,1119.66,0.753,48,19,1.0,21,0,1,4,1,11,basic,desktop,PE,0
24,593.59,0.461,31,5,0.608,27,0,1,8,2,24,basic,mobile,AR,0
58,924.45,0.608,18,18,0.958,18,0,2,0,0,17,free,desktop,CO,0
14,254.87,0.54,15,12,0.672,19,0,0,7,2,3,basic,desktop,UY,1
4,79.21,0.374,59,14,0.937,24,1,1,1,0,15,pro,mobile,AR,1
34,724.99,0.636,36,3,0.59,1,1,2,10,3,0,free,mobile,AR,0
39,670.86,0.517,54,0,0.703,6,0,2,8,1,32,free,mobile,CO,1
59,1019.49,0.409,26,14,0.821,6,0,2,4,0,19,free,mobile,PE,0
52,1366.51,0.304,29,9,0.799,18,0,3,8,1,26,pro,desktop,AR,0
53,1338.63,0.287,49,6,0.865,7,0,2,3,1,6,basic,mobile,MX,1
38,792.85,0.526,43,17,0.627,11,0,1,1,0,19,basic,desktop,CO,0
21,594.61,0.583,12,6,0.713,14,0,1,0,0,36,pro,mobile,CL,0
25,392.03,0.425,31,8,0.887,22,0,2,2,0,9,pro,tablet,MX,1
8,221.9,0.73,12,14,0.594,15,0,1,8,2,44,free,mobile,MX,0
25,531.38,0.587,45,19,0.786,0,0,1,6,0,18,pro,desktop,PE,1
21,790.15,0.715,1,17,0.667,20,0,0,3,1,6,basic,mobile,MX,0
2,21.69,0.563,49,13,0.731,12,0,2,8,1,8,free,desktop,CL,1
12,166.37,0.443,55,2,0.713,3,0,3,4,0,20,free,desktop,MX,1
32,656.41,0.623,1,2,0.582,19,2,2,1,0,42,basic,mobile,AR,0
22,448.43,0.347,37,13,0.661,8,0,1,8,1,21,pro,mobile,MX,0
59,1752.35,0.708,4,10,0.722,13,0,1,5,0,7,basic,tablet,AR,0
28,391.71,0.413,21,2,0.685,29,0,1,7,1,17,basic,tablet,MX,1
57,1335.48,0.784,20,13,0.936,7,0,1,6,1,38,free,desktop,MX,0
39,974.02,0.532,31,18,0.851,26,0,2,1,0,44,free,mobile,PE,0
2,44.46,0.813,55,1,0.743,13,1,0,0,0,27,pro,mobile,CO,1
12,146.81,0.375,27,16,0.586,27,0,1,1,0,38,pro,mobile,CL,0
42,1110.76,0.464,23,6,0.576,25,1,0,2,0,36,basic,desktop,MX,1
32,812.03,0.676,5,7,0.996,24,1,3,2,0,19,free,mobile,AR,0
18,388.76,0.834,53,14,0.549,6,0,2,11,2,39,free,mobile,AR,1
31,596.01,0.933,18,4,0.717,23,2,1,9,1,3,pro,desktop,AR,0
54,1045.26,0.608,27,3,0.754,11,0,0,10,1,36,free,desktop,AR,0
23,403.13,0.968,5,19,0.653,27,0,2,5,2,26,free,desktop,CO,0
2,43.69,0.542,17,6,0.55,29,0,1,3,0,26,basic,desktop,UY,0
18,327.36,0.82,33,3,0.582,18,0,1,4,1,42,pro,mobile,CL,0
56,722.9,0.412,54,13,0.618,27,0,1,10,3,12,free,mobile,AR,0
45,526.88,0.684,19,4,0.594,15,0,1,4,0,8,pro,desktop,AR,0
50,674.39,0.132,33,15,0.899,1,0,2,7,1,29,free,tablet,AR,1
54,1043.97,0.376,52,1,0.699,26,0,2,1,0,33,basic,mobile,PE,0
7,124.87,0.693,21,10,0.621,15,0,3,11,2,0,free,mobile,CL,0
16,308.67,0.338,17,8,0.716,1,0,3,7,2,22,pro,mobile,PE,0
3,63.01,0.685,2,19,0.8,1,0,1,11,1,16,basic,mobile,AR,0
0,0.0,0.781,54,10,0.648,21,0,0,3,1,36,pro,mobile,MX,1
50,1339.7,0.5,6,18,0.835,27,0,1,7,1,38,basic,mobile,MX,0
56,918.05,0.406,12,4,0.509,20,0,4,3,1,6,pro,desktop,AR,0
9,138.59,0.505,8,9,0.876,13,0,1,5,1,26,basic,mobile,MX,0
43,898.46,0.407,42,16,0.699,9,0,2,3,0,32,basic,desktop,CO,0
32,223.39,0.58,21,3,0.693,12,0,0,1,0,11,free,mobile,AR,1
4,53.03,0.62,42,18,0.596,9,0,0,5,0,42,pro,mobile,AR,1
54,1289.87,0.539,36,15,0.516,8,0,1,6,1,40,basic,desktop,MX,0
52,393.92,0.935,0,13,0.45,3,0,1,1,0,7,basic,desktop,UY,0
34,839.99,0.456,18,4,0.586,17,0,0,4,0,0,basic,desktop,UY,0
42,1136.81,0.878,0,16,0.788,6,0,2,1,0,26,pro,desktop,AR,0
23,363.02,0.392,3,16,0.556,4,0,1,7,0,39,basic,desktop,CO,0
47,928.29,0.615,28,5,0.468,8,0,3,3,0,30,basic,desktop,CO,1
26,642.58,0.837,15,11,0.564,23,1,1,1,0,34,basic,desktop,PE,0
59,896.76,0.826,5,1,0.642,17,0,0,6,1,32,basic,mobile,AR,0
3,69.62,0.516,24,7,0.648,14,1,1,10,1,6,basic,desktop,UY,0
10,139.73,0.711,27,3,0.681,17,1,0,11,2,3,pro,mobile,PE,0
58,877.79,0.684,59,11,0.855,16,0,6,11,2,2,pro,tablet,MX,0
17,224.47,0.492,39,10,0.887,14,2,3,2,0,44,basic,mobile,AR,1
18,361.01,0.723,23,10,1.0,25,0,1,2,1,42,free,mobile,AR,0
47,1172.55,0.972,28,13,0.456,21,0,2,10,3,37,basic,mobile,AR,0
11,185.85,0.694,5,18,0.572,5,0,2,7,3,3,pro,mobile,PE,0
30,311.18,0.713,23,3,0.805,24,1,1,6,1,39,pro,mobile,CO,0
17,195.56,0.734,34,4,0.632,5,1,1,9,2,43,free,mobile,UY,1
11,224.04,0.308,1,4,0.829,2,0,1,0,0,35,pro,desktop,CL,1
57,1656.69,0.692,55,18,0.731,12,0,2,6,1,18,free,mobile,PE,0
11,223.99,0.397,30,1,0.937,11,0,2,6,1,4,pro,tablet,PE,1
5,78.39,0.482,47,0,0.856,23,0,3,11,5,15,pro,desktop,AR,1
40,903.88,1.0,16,3,0.859,20,0,3,5,0,9,basic,mobile,AR,0
52,861.28,0.549,50,15,0.638,1,2,1,6,1,29,pro,mobile,CO,1
7,110.11,0.452,22,11,0.685,14,0,1,9,0,39,basic,desktop,MX,0
42,514.47,0.831,55,18,0.654,23,0,2,3,1,22,basic,desktop,AR,1
32,846.42,0.41,31,4,0.474,21,0,2,0,0,2,pro,mobile,CO,0
49,147.0,0.511,38,7,0.921,15,0,2,5,1,17,free,mobile,AR,1
7,159.51,0.85,12,11,0.812,18,0,0,7,0,35,free,mobile,MX,0
58,882.62,0.609,59,1,0.648,16,1,4,5,1,28,free,desktop,PE,0
37,574.9,0.288,11,18,0.896,6,1,0,8,0,1,basic,mobile,AR,0
50,1407.69,0.709,1,16,0.605,16,0,1,3,0,15,basic,mobile,AR,0
21,288.02,0.521,26,2,0.424,20,0,1,0,0,15,pro,mobile,MX,0
56,779.5,0.908,50,16,0.851,1,1,1,9,1,1,pro,mobile,CO,0
37,637.05,0.479,55,8,0.508,20,1,0,10,1,15,pro,mobile,AR,0
7,143.38,0.81,51,6,0.671,7,1,1,7,2,37,basic,desktop,CL,1
55,844.19,0.955,33,18,0.731,0,0,0,3,1,5,pro,desktop,CL,0
47,402.17,0.43,55,10,0.758,22,1,2,4,1,23,free,desktop,CO,1
18,230.5,0.561,29,4,0.827,11,0,1,5,0,29,basic,desktop,MX,0
32,822.02,0.678,28,16,0.787,12,0,1,5,1,30,free,desktop,AR,0
23,424.32,0.429,10,14,0.782,18,1,3,2,0,14,free,mobile,AR,1
32,662.61,0.654,47,3,0.581,16,1,2,4,1,25,free,mobile,AR,0
57,936.59,0.555,18,13,0.744,18,0,1,3,1,32,free,desktop,AR,0
53,744.28,0.551,11,12,0.474,28,0,0,5,0,27,pro,desktop,AR,0
12,336.79,0.61,22,5,0.934,19,0,0,4,1,37,basic,tablet,CO,0
58,978.51,0.614,36,8,0.49,1,0,1,6,1,9,pro,mobile,PE,0
26,398.83,0.633,16,16,0.648,6,1,1,9,3,4,basic,mobile,AR,0
42,1032.23,0.48,21,3,0.502,13,0,1,3,0,42,basic,desktop,PE,0
45,614.96,0.489,19,14,0.59,14,0,1,0,0,33,free,desktop,MX,1
28,404.09,0.576,35,16,0.702,10,1,3,9,0,20,pro,mobile,CO,1
27,487.66,0.591,42,18,0.621,5,0,1,2,0,25,free,mobile,PE,0
27,486.04,0.512,40,6,0.872,3,1,3,11,2,41,basic,desktop,AR,1
51,997.44,0.665,8,5,0.734,4,0,1,6,1,39,pro,mobile,MX,0
23,702.65,0.237,20,18,0.631,28,1,2,6,1,36,pro,desktop,AR,0
16,320.28,0.454,38,9,0.68,11,0,4,4,1,26,pro,desktop,PE,1
21,78.37,0.544,12,11,0.883,28,0,1,8,1,32,free,mobile,AR,0
11,219.54,0.429,4,10,0.836,10,0,1,7,2,26,basic,mobile,MX,0
23,419.23,0.926,19,10,0.529,9,0,2,11,1,20,free,desktop,AR,0
6,109.56,0.604,40,12,0.598,14,0,0,0,0,30,basic,mobile,AR,1
5,97.38,0.635,39,8,0.771,28,1,1,2,0,1,free,mobile,AR,1
43,766.6,0.503,7,7,0.753,16,0,1,3,1,37,pro,mobile,CO,0
4,70.74,0.597,40,8,0.542,1,1,1,2,0,14,pro,desktop,AR,1
34,737.06,0.357,11,13,0.812,8,0,0,11,3,24,basic,mobile,AR,1
46,678.39,0.566,44,16,0.566,29,0,2,0,0,29,pro,desktop,AR,1
43,529.5,0.413,33,11,0.896,4,0,2,1,0,14,basic,mobile,AR,0
26,939.71,0.545,7,13,0.779,25,0,0,5,0,14,free,mobile,AR,0
11,150.75,0.088,21,8,0.53,27,0,1,3,1,7,basic,mobile,MX,1
55,1023.05,0.374,49,15,0.621,6,0,0,3,0,4,free,mobile,CL,0
50,451.3,0.893,25,7,0.618,16,0,1,7,1,39,basic,desktop,UY,0
36,673.16,0.766,41,8,0.724,17,0,3,6,1,23,pro,mobile,MX,0
5,62.0,0.864,44,1,0.669,23,0,2,10,1,30,basic,desktop,AR,1
2,30.69,0.878,1,5,0.528,23,0,1,5,1,6,free,mobile,CO,0
18,436.87,0.735,55,14,0.491,1,1,3,11,2,38,free,mobile,AR,1
9,187.49,0.509,20,1,0.782,9,0,0,2,0,13,basic,mobile,PE,1
51,1091.93,0.393,47,4,0.743,28,0,0,2,0,20,free,desktop,CL,0
12,88.47,0.829,28,15,0.716,10,0,2,4,0,22,basic,desktop,AR,0
16,464.34,0.613,34,17,0.741,7,0,0,1,0,33,basic,desktop,UY,1
58,629.23,1.0,21,8,0.607,18,0,2,0,0,5,pro,mobile,CL,1
49,1331.4,0.527,51,8,0.728,5,1,2,4,0,40,pro,desktop,PE,0
13,313.68,0.995,7,10,1.0,4,0,5,6,1,5,free,desktop,CL,0
23,493.67,0.569,53,15,0.876,23,0,2,3,1,28,pro,desktop,CL,1
30,386.1,0.867,12,9,0.657,3,0,3,3,0,9,free,mobile,AR,0
39,737.47,0.939,52,3,0.621,26,0,3,1,0,41,free,mobile,AR,0
56,849.77,0.395,1,8,0.271,7,0,0,1,0,26,basic,desktop,CO,0
52,945.06,0.503,0,5,0.86,3,0,0,10,3,42,free,mobile,AR,0
58,957.04,0.393,5,13,0.818,22,0,0,0,0,41,pro,desktop,CL,0
2,11.54,0.354,32,2,0.618,5,1,0,8,2,12,pro,mobile,AR,1
14,346.23,0.733,15,12,0.485,10,1,1,8,1,10,pro,mobile,MX,0
33,577.94,0.561,35,2,0.527,10,0,2,2,0,5,free,mobile,AR,0
2,30.18,0.61,49,19,0.767,15,0,2,2,1,32,basic,mobile,AR,1
21,307.4,0.711,1,12,0.687,14,0,2,4,0,1,basic,mobile,MX,0
9,181.36,0.229,31,2,0.804,5,0,1,7,2,8,free,desktop,CO,1
55,695.06,0.857,44,19,0.713,7,2,1,0,0,40,pro,mobile,UY,0
3,13.41,0.53,25,11,0.845,5,0,2,9,1,28,pro,mobile,AR,1
8,163.54,0.706,55,12,0.755,1,1,0,4,0,20,pro,mobile,CL,0
11,232.26,0.724,39,1,0.824,19,0,1,5,2,6,pro,mobile,AR,0
8,134.42,0.874,2,3,0.387,14,0,3,10,0,38,free,mobile,MX,0
34,377.83,0.579,32,16,0.515,3,0,2,1,0,38,pro,mobile,AR,0
21,389.21,0.175,23,9,0.645,9,0,2,11,3,2,pro,mobile,AR,0
54,497.49,0.611,7,12,0.862,20,0,2,7,1,33,basic,mobile,MX,0
15,177.55,0.64,57,19,0.982,8,0,6,5,1,14,free,desktop,AR,1
32,431.87,0.393,13,8,0.675,12,0,3,0,0,30,basic,desktop,AR,0
39,899.48,0.629,5,7,0.608,22,0,3,0,0,13,free,desktop,PE,0
37,585.5,0.528,13,16,0.407,20,0,3,9,1,0,free,mobile,PE,0
47,719.7,0.331,49,1,0.83,21,0,3,4,0,33,pro,mobile,MX,0
12,356.74,0.734,35,9,0.617,11,0,2,9,1,37,pro,mobile,AR,1
30,603.44,0.487,49,17,1.0,14,0,3,9,0,30,pro,mobile,AR,1
48,961.63,0.519,27,4,0.589,25,0,2,4,1,6,free,desktop,AR,0
51,804.87,0.507,7,6,1.0,26,1,1,3,0,20,basic,mobile,CO,0
37,533.61,0.847,23,9,0.812,1,0,0,3,1,24,basic,mobile,CO,1
39,190.38,0.592,11,1,0.546,25,0,2,7,1,35,basic,desktop,AR,0
51,1214.43,0.616,33,1,0.735,26,1,2,8,1,34,basic,mobile,CL,0
37,765.52,0.512,16,5,0.816,28,0,1,4,0,39,pro,mobile,AR,0
56,947.8,0.693,58,17,0.666,8,0,3,6,1,28,pro,desktop,CO,0
7,120.24,0.87,22,4,0.826,15,0,3,6,1,42,pro,mobile,AR,0
20,448.34,0.73,18,14,0.822,1,1,2,1,0,36,free,desktop,CO,0
6,52.03,0.737,59,8,0.789,3,1,0,6,0,9,basic,mobile,CO,1
5,72.3,0.721,31,15,0.698,16,2,2,9,1,31,basic,tablet,AR,0
28,313.1,0.324,10,6,0.524,6,0,1,11,2,3,basic,desktop,PE,1
13,372.18,0.425,28,17,0.688,6,0,4,4,1,34,pro,mobile,PE,1
24,558.09,0.559,15,7,0.726,8,0,1,2,0,9,free,tablet,MX,1
26,124.38,0.455,42,15,0.419,13,1,0,10,2,13,free,mobile,AR,0
37,329.94,0.387,34,16,0.725,4,0,1,11,3,25,pro,desktop,AR,1
56,963.53,0.226,43,8,0.685,24,0,2,9,2,17,basic,desktop,AR,0
50,758.27,0.331,56,13,0.506,20,0,2,4,1,29,basic,mobile,CL,1
22,221.18,0.549,43,2,0.65,23,0,0,3,1,22,pro,mobile,AR,1
19,563.7,0.586,20,9,0.653,27,1,4,7,1,28,basic,mobile,PE,0
46,914.26,0.441,12,7,0.99,18,0,0,3,0,26,basic,mobile,CL,0
7,145.94,0.616,31,19,0.733,10,0,1,9,1,9,free,mobile,CL,1
32,443.13,0.513,26,18,0.855,29,0,2,4,1,31,basic,mobile,PE,0
25,558.34,0.818,18,15,0.682,16,0,2,3,0,43,basic,desktop,MX,0
10,157.17,0.568,48,18,0.419,13,0,4,9,1,25,basic,desktop,AR,1
36,586.8,0.739,54,19,0.801,12,0,2,4,1,27,basic,mobile,UY,0
19,411.65,0.641,22,15,0.601,1,0,0,1,0,31,free,desktop,CL,1
11,90.49,0.32,40,11,0.65,28,0,2,9,0,3,free,mobile,MX,1
39,1075.7,0.582,59,4,0.542,24,0,0,3,0,6,basic,tablet,AR,1
10,190.94,0.353,0,16,0.711,20,0,0,7,1,25,basic,desktop,MX,0
40,1027.43,0.578,21,3,0.86,6,0,1,7,1,17,free,desktop,CO,0
9,103.93,0.451,44,3,0.84,27,0,6,0,0,31,pro,desktop,MX,0
26,323.99,0.676,29,17,0.938,5,0,2,0,0,41,free,mobile,AR,1
48,529.37,0.332,47,2,0.959,7,0,0,9,3,35,basic,mobile,UY,1
13,253.52,0.603,28,2,0.393,2,1,3,0,0,9,basic,mobile,CL,1
46,846.21,0.714,3,10,0.521,8,1,3,3,1,13,basic,mobile,PE,0
43,654.18,0.782,26,11,0.429,9,0,1,9,1,6,basic,mobile,AR,1
54,643.44,0.447,24,0,0.795,23,0,1,2,0,4,free,mobile,CL,0
10,104.0,0.604,50,7,0.596,9,1,1,6,0,33,free,desktop,PE,1
42,743.78,0.637,8,4,0.627,28,0,4,1,0,31,free,desktop,MX,1
56,851.56,0.909,9,6,0.668,9,0,1,6,1,8,free,mobile,AR,0
45,624.89,0.304,8,3,0.757,15,3,1,8,2,31,basic,desktop,CO,0
11,300.11,0.418,34,13,0.477,17,0,2,2,0,20,basic,mobile,AR,1
49,857.8,1.0,59,9,0.511,24,0,2,3,0,39,free,mobile,AR,1
6,153.72,0.545,37,19,0.7,22,0,2,6,1,32,basic,mobile,AR,1
35,518.02,0.222,48,0,0.88,26,0,3,9,3,12,free,mobile,AR,1
29,564.59,0.483,51,15,0.696,28,0,3,6,0,21,pro,mobile,AR,1
31,547.68,0.046,36,18,0.581,3,0,1,8,2,10,basic,mobile,MX,1
31,242.24,0.648,36,9,0.378,2,0,1,4,1,40,basic,mobile,CO,1
1,26.57,0.762,14,13,0.843,13,0,2,1,0,23,free,mobile,AR,1
30,515.67,0.418,57,8,0.59,4,0,3,11,0,39,basic,mobile,MX,1
56,1258.8,0.506,47,11,0.528,14,1,2,9,1,23,basic,desktop,CL,0
26,350.68,0.785,52,18,0.443,17,0,3,0,0,22,pro,mobile,UY,1
16,272.17,0.25,59,10,0.484,8,0,1,3,0,8,free,mobile,CO,0
59,755.13,0.336,20,11,0.556,2,0,1,4,1,43,basic,mobile,UY,0
5,127.08,0.554,8,19,0.664,28,0,0,0,0,30,pro,mobile,PE,0
29,576.19,0.45,51,9,0.519,11,1,2,10,2,13,basic,mobile,MX,1
30,606.07,0.541,28,3,0.728,25,0,1,2,0,37,basic,mobile,AR,0
28,732.17,0.347,57,13,0.663,18,0,0,2,1,10,pro,desktop,PE,1
55,1371.59,0.643,41,13,1.0,19,0,1,3,0,4,basic,desktop,CO,0
25,564.8,0.57,15,4,0.444,23,0,3,11,2,30,free,desktop,AR,0
58,549.24,0.71,21,14,0.724,7,0,3,2,0,33,pro,desktop,AR,0
4,55.3,0.64,36,1,0.726,6,0,0,5,1,25,free,mobile,MX,0
44,526.97,0.641,23,6,0.545,29,0,0,8,2,32,pro,mobile,AR,0
35,782.78,0.311,16,17,0.714,20,0,2,1,0,11,free,mobile,UY,0
14,266.33,0.699,12,12,0.815,8,0,0,1,0,12,free,mobile,AR,0
13,125.54,0.534,38,12,0.714,19,0,2,1,0,16,basic,mobile,AR,1
43,725.3,0.567,2,12,0.908,11,0,3,2,0,9,pro,mobile,AR,0
38,343.34,0.81,5,3,0.373,25,0,3,3,1,10,free,tablet,MX,0
36,636.52,0.456,2,19,0.574,15,0,3,11,0,2,free,mobile,CO,0
3,24.2,0.87,44,5,0.921,9,0,0,11,1,10,free,desktop,MX,0
35,741.05,0.889,1,15,0.837,20,0,1,6,0,24,free,tablet,AR,0
58,1175.53,0.751,25,19,0.781,22,0,2,11,2,16,free,mobile,PE,0
1,29.45,0.404,7,4,0.885,11,1,1,0,0,19,pro,mobile,AR,1
28,646.44,0.163,35,12,0.413,22,0,0,6,2,41,basic,mobile,AR,1
29,448.41,0.816,2,0,0.819,7,0,0,5,1,0,free,mobile,AR,0
53,1214.15,0.622,1,12,0.86,7,0,1,1,0,37,free,desktop,CL,0
16,153.82,0.451,24,8,0.601,24,0,4,6,2,1,free,tablet,MX,1
28,342.3,0.835,41,1,1.0,18,0,3,5,0,23,basic,mobile,MX,0
43,859.95,0.428,6,13,0.729,1,0,0,9,1,5,free,mobile,AR,0
3,15.15,0.515,29,19,0.371,20,0,0,5,1,21,pro,desktop,PE,1
48,853.3,0.705,48,1,0.757,9,0,1,5,1,40,free,mobile,AR,1
49,582.04,0.377,37,17,0.592,8,0,1,2,0,1,basic,desktop,AR,0
43,800.14,0.578,45,16,0.875,12,0,1,5,1,22,basic,mobile,MX,0
38,438.28,0.818,18,10,0.782,13,0,1,0,0,20,free,mobile,MX,0
44,904.0,0.642,56,18,0.61,26,0,3,6,1,20,pro,mobile,UY,0
46,833.33,0.849,8,6,0.925,13,1,3,4,0,28,basic,mobile,CL,0
54,1425.72,0.827,36,14,0.841,8,0,3,3,0,14,free,mobile,AR,0
25,451.01,0.602,26,13,0.576,23,1,2,4,0,35,pro,mobile,UY,1
27,361.48,0.133,1,11,0.677,16,0,1,10,1,10,basic,mobile,CL,0
38,627.71,0.379,56,16,0.778,0,0,1,8,2,16,free,desktop,MX,1
11,109.28,0.753,42,17,0.645,18,0,6,10,3,21,basic,mobile,AR,0
51,1042.28,0.29,13,15,0.65,15,0,1,4,1,41,basic,desktop,AR,0
46,990.8,0.535,3,11,0.706,17,1,2,4,1,24,free,mobile,UY,0
37,1214.16,0.668,40,19,0.54,5,0,0,0,0,37,basic,desktop,UY,0
18,256.84,0.894,32,11,0.365,14,0,1,8,2,6,pro,mobile,UY,0
20,327.86,0.485,2,12,0.736,19,1,1,0,0,3,basic,desktop,PE,0
26,378.18,0.471,59,3,0.402,20,1,4,11,4,22,basic,mobile,CL,0
39,751.63,0.59,43,6,0.551,20,0,0,8,0,40,basic,mobile,MX,0
